email,password,role
admin@university.edu,$2b$12$/Hn1O9lZFfpTU67u5DjaQ.NGR954wpCgtIZ/tWnYXvi2NtGQ75HIu,admin
professor1@university.edu,$2b$12$V4CBEg2/2zVPJcLzg5dxku5R0s0RwMTKs3duqRiL76JaBn32Imrdi,professor
professor2@university.edu,$2b$12$.kyFEt6GO/mSP4qT2n1B5OVxUlMeV3KetwiA/Xx6KOkTIqf4M.uri,professor
professor3@university.edu,$2b$12$I8uZ8/47FHGKK8q9gwIjz.mWxe2ixdOudFCCH4.wgTel89Gh8yogm,professor
professor4@university.edu,$2b$12$wkCNGoR8lp9y0jw/oYN03enhUwpeKsStJssnlluj7zeLY4RwmNbmu,professor
professor5@university.edu,$2b$12$fmVngqjEYjEkbn02Bs1GS.aqPOoA5VZlSIOJBJ700imI/yztmqcT6,professor
professor6@university.edu,$2b$12$ONjFZSUgZX.oZdItsKPZDOyF3dBLr63lzR2vZsfWz.XvtaID6mJ.y,professor
professor7@university.edu,$2b$12$h5K3nuOYHPtAiPWXFkgiBOr9gjjn97Rz0pAQd7lwRQZbnVuYKtyWO,professor
professor8@university.edu,$2b$12$7GytAM/sru1aUPSlKyd/LuwhfKtpYh9rHfuIBWxe0tGpDSTCSb32y,professor
professor9@university.edu,$2b$12$WZQSKDiQJN06UtuSkUeCt.xvXjXQ3T61KmhGzv7LWsVBBc9KvGFRG,professor
professor10@university.edu,$2b$12$M59eD7.a7nBSoiECEJ.QsuGlJESM1PkwE9dPoS5m0Dtfgw//Y7CFa,professor
professor11@university.edu,$2b$12$1MrZ74dgR5gYEgUISoc.reYI1tQ.fZcB.guoRmqsTDGmoyPQd2UWO,professor
professor12@university.edu,$2b$12$URe00CL8DD4py7/8g6.laua4jmIHifc8aj8D4pzOyBTFPlvvN3tou,professor
professor13@university.edu,$2b$12$UMFM8HYecgfT/nhAK73Z2u/yFb.YcnlHah4eiLg/GpKxIQIGZsewi,professor
professor14@university.edu,$2b$12$DbC25geIAxJNAZB1WDctIOCma2JuTNhx1oid52USHgMx9FEqSAWDS,professor
professor15@university.edu,$2b$12$InaIYTDFKCJUVBWkefN3lOG.AmH7ut5NCGffbprzKJyFAzRVCC8/a,professor
student0@university.edu,$2b$12$JlNOgx9kQ8yOBHik2ArMB.oZ.5uNv6csCroyjsI/.VFbowiTEgt1u,student
student1@university.edu,$2b$12$dJ.O2MN/vAjlBLoZXU/UJO..6snng1TKk4Eipb.gW9PJzFCp99nh.,student
student2@university.edu,$2b$12$wHVPp8FXYFHGnsKBXGz4nuh2AvocfUVukd6AqVtIUM7ka8aRO2hLe,student
student3@university.edu,$2b$12$QfpxNrYv174lA30AYn66xeW9u1uEn.a3Sd2K0Ap7KXMb62q/zEpi2,student
student4@university.edu,$2b$12$pNwv.xzec6aq/efu40aQEuMwW87rZfbWFs2Z2cdGzin.GrVpwDeQO,student
student5@university.edu,$2b$12$GdxOE2mnIck350OaBHj/fOcsBgopHYfJhl8/z/jFnvMSNiQIv2i5e,student
student6@university.edu,$2b$12$ybSMft7hY.SM1pEaVEu.ke33z08ZJ5LQfnYSaCrTkHNzhcOOAkVBW,student
student7@university.edu,$2b$12$BqGHSqV7zVBLRcQ6eXO0L.Hi4YKBjFhV7Rek9G1G.7Y9iKAJ6uG6W,student
student8@university.edu,$2b$12$O4upKTD6m7jndZsmu9BJmeOrZaVa272T60hCH4sEWCgIuWDI9avC6,student
student9@university.edu,$2b$12$7MU3jo9iA8pBbh8d5GyQj.pbQDvXzyTlzQ9BgUYDgT.6ZVpSQsSNu,student
student10@university.edu,$2b$12$OyNsVpjADn6TkwL.iwZ2l.zqQbCM6e5k.cNlIT.Bm2bRQLSGn8PIW,student
student11@university.edu,$2b$12$Lt9r5ES4wYlZ/MmiTbhdn.nbRBkq8i.r/rJVQL3WB5L9Z7iKFmXJK,student
student12@university.edu,$2b$12$/GfheLR.Eq.XdSxkBfzxiuzliwm1pyYTtTurS9RcoA./fPyZFXNEa,student
student13@university.edu,$2b$12$1dq0t0KjRHPqqiV8.lZ2OOmllvWvPGrU75GQmNbXgsbT0GLEtSr4C,student
student14@university.edu,$2b$12$/fxlNSatDlmjC9L8vr81.OqkuW6q0CgP/oLHvXy.xzzGxNNfP07ZG,student
student15@university.edu,$2b$12$922u.Mz0sdm958kPOfDuEOV8b2yL7hKziVAFBwMKxBNNGC/n/9GHW,student
student16@university.edu,$2b$12$cc5dcocE/RNEZ7nDn17IQ.fDJmwYE1iqUeRMrkUJYDDwmUdt4Dvaq,student
student17@university.edu,$2b$12$NRYSm.UJIrDQgOzk6oIYeeOKj.JHhdSSPFEr49KsAu8gsrukk24Ma,student
student18@university.edu,$2b$12$oWM1eS8KzB99D530Jgrvo.imn6fmyvjKxsgfdeknMrZCavRXHw37S,student
student19@university.edu,$2b$12$IlUjPAx1CuyBaLSzHxQBBOYPH4hSYJID7WXsG1eSC1h3PA2d9fn26,student
student20@university.edu,$2b$12$QUWGmrcHn2rjtAcW3O4zFecx4YUldez8cgTb4aw9XHXRwCLjuugY.,student
student21@university.edu,$2b$12$sYw3Fx3vma4kdFQJ0xDLNeLa1SIo4w53kd.U6sThsbzo4KKSLrdM2,student
student22@university.edu,$2b$12$05hEb2BydtQFe3jzhMlQp.oz6Qz.uVdDvRx8cr84rDTD.DUQ3SF.O,student
student23@university.edu,$2b$12$1H/QFnW6tVEwVaBeYBGJjuP8bpE/PMIogOGAIwW9MwzdV6/J2RWCS,student
student24@university.edu,$2b$12$.QiN4jsHJdKLX/9Ps9ctpusQjtPb7uQNbYI34mzr0RI07qUuxvjFu,student
student25@university.edu,$2b$12$0Ct4tuDbHzALlNGGO7ZSce2rTUQmLBfxv83RPG/Z23lrj2JSmGbqO,student
student26@university.edu,$2b$12$yVeQ0MKost42Zb4CuvhTFOYmMLxVgmf1I1pgPaQ3Baa8TSk0yw2gq,student
student27@university.edu,$2b$12$UIP/pLEPk3Au7UDkG0Vw1O200iu6cPt.7DhktKVARJQUjRjfDN8H.,student
student28@university.edu,$2b$12$Qksxy8s5lWPGJN0QGP6/KOqo.MX6TGfUYDowaw0vRGEIVUieDn9ey,student
student29@university.edu,$2b$12$P/hgBWtX70uzA2BwOxkcVO5KEh2zIpzRV7G3/ZVrRpp2PAxuG4Rcu,student
student30@university.edu,$2b$12$RBii2lowmCIFx.glR/yVlO9nC3Hhifjp/W9H1gfHi5.FYjIN/G70C,student
student31@university.edu,$2b$12$FZ8Ae06MCcYUVR1fzbeOb.CrReER5kJFzHwNJFJUl.pfKWvQTa4ke,student
student32@university.edu,$2b$12$H6ikJ.f1JU2HjHfn8oBVJ.9vj9v6SJdy8T2aR1VMPFbItNaIpy1zm,student
student33@university.edu,$2b$12$SE9LuZqfTtew6W9RYieCk.Bofcg.olLdPe5kO.DfG/qTasSb8K9/6,student
student34@university.edu,$2b$12$pOKM8Hu6P55S7G/4XATJ4.Kz9jU97PLYXM1XjERxHdNWWtt5CUHze,student
student35@university.edu,$2b$12$RDpoOZkrQUsARKyd4bL55O95gPJ7x2sV0ShGWHUU.OkS49VO835Je,student
student36@university.edu,$2b$12$pEGjx4a66UMutPjirEqHD.HtcFqkyAXecAPcDaIzRJpd0sx6AMAv.,student
student37@university.edu,$2b$12$pxGi1sXbTV0Z3TYBTOd2jeA1yJ71.2uLD0rARZyruY/lax9jvFqia,student
student38@university.edu,$2b$12$1QH.74kBj6/XO.YavJo1M.X84rNPei1phe7BaYEoZqzI7Dl6LhwIy,student
student39@university.edu,$2b$12$dw253JrKpPkSRGgb5Rc5GuLoPiT08oAiIgGij0tO60eqyoy0rCouC,student
student40@university.edu,$2b$12$DqgHgtVta6ef0nXfAZ1bTO/T9Dzsjg2belMSFN6YhHOa0kWOZt6Ki,student
student41@university.edu,$2b$12$TUlHTAgVhrQbQr9BRhIU3uk76pJ5EadNwnMLwA5kLGNRUFRtdFPsC,student
student42@university.edu,$2b$12$0f79V0e8PSFnVKKPlGSt4eRevY64CTNpXlYt2TwWN4uPWG.Mmoat6,student
student43@university.edu,$2b$12$QIFEvaN7koTRp3ybJW2AiODUcTjJbIy9v/LtqVoFMfpEWKwbxs0LG,student
student44@university.edu,$2b$12$b2lA0F6IzKN/.G8K1fIIleAxg49Z3eBteEcOM0kbkGMe9ii.AhgVm,student
student45@university.edu,$2b$12$JVF9gk8mfSSgCWQKWJjXXuWDdocA/hus8.d1Qqflskrer9AzHyhHi,student
student46@university.edu,$2b$12$XaOzv06qb5MT3j46CTGd4uaV7PnwcLa0Wifxi06LuJy49aBwQRUpu,student
student47@university.edu,$2b$12$uWM90X82HP56zsf9sjD3TOt2HAaNrCYi8wir414z.aGoZenaOj0xy,student
student48@university.edu,$2b$12$QoYksqGCIT/VsVjTMgF68uyOW56tzGLiVpkfGhbFmS7YWcrd8HQsu,student
student49@university.edu,$2b$12$ZImogJU/Ld9SB2lSu3FT2eXFuzqbbGeCtlAreNF.IgEHj0yZEHGUq,student
student50@university.edu,$2b$12$CNcz5VucrEuBDNREeSea/.JV4AyHjVpPf8t8im5mYdoPMtl4kKpVW,student
student51@university.edu,$2b$12$23S6/vvl6FFrupswa58FGOhLYzWyoByUqrJCzQxqOkMxz4faOcVF.,student
student52@university.edu,$2b$12$JapBZJgtqYkFkVgliDaWrueoQ./aYRyiSDEUUC9UXuh.mT5S17K.q,student
student53@university.edu,$2b$12$zbwmbYeh9BFZpMespOZqZeXtbHxMamfrUmHUkvSStG2hsRD5KbKvC,student
student54@university.edu,$2b$12$Px9ywDCx2UCgHbw73fNA/uJsaloZBiPe6QEFRppoMTOtmrPgswIJS,student
student55@university.edu,$2b$12$Fhl3qRyjqyfI5EqU/E/7Z.RO..EkhQ2wjXnCNy65FGOBlDuN0GQ0W,student
student56@university.edu,$2b$12$FLCBHJfXiXkgtV7Nly.hp.0oW8VCDlLhDYqLdpRX7rbicivSHMMXC,student
student57@university.edu,$2b$12$qHWPFj1JncMLgVNA87HdgeOjmz9C7.YbzJWjj/YpYeg62vKSl7Na6,student
student58@university.edu,$2b$12$2INHIhfiHc2XtSv.bC01NuiAtUUtHmFN/kkyvov/jq4jQjWAh26LW,student
student59@university.edu,$2b$12$QhcfP7eQkVuzQ8xcPWFS0euJuVkUStTkvD.nNofiDPebmVLF6fx.m,student
student60@university.edu,$2b$12$MtBarN5o42S5sHTjK1noVO0hr41kUVQqo9E9Vt3QORcwRQ7xYrTIq,student
student61@university.edu,$2b$12$StpKd7Ik18FUUWU0K.pxy.9uxhfA.NdJyenpLeDGco0ixUbF.zqlu,student
student62@university.edu,$2b$12$yRNl9kQIHf1FG0gXAeVkC.E3OaGJ1qNSfFpgfq8CU1DmvUthajeia,student
student63@university.edu,$2b$12$yNGSpSXI0yZKTgaKOukmLuWw2gEndTHA81dUaMa.AzM1CxLf7nQ.W,student
student64@university.edu,$2b$12$wS52dtFODprQXMIulJCZR.1hZVEok7dWyMB/7WRclt0Zck/WfI8OS,student
student65@university.edu,$2b$12$Zd23po/zf05Pi.kjK8psfeYRtCtN1JvAzmETrhgsoz9SeZ0oP4wwm,student
student66@university.edu,$2b$12$rG9tYV7MyJ8gmzsl4qEpj.T8RuUlK5xJysQoJdGF9YrG0yHfgBkFu,student
student67@university.edu,$2b$12$St15EvK7uVajr.duqCees.ons82kocy4LQPdv7a4sd16hnumlsYEK,student
student68@university.edu,$2b$12$2O/nWEXanUWgWM63kEy/f.nEhABgkeUn2/cC1T8weGypk3tYIrlP.,student
student69@university.edu,$2b$12$7pw8PJ/i9KFUCdllFfjsXOUdE10dI4gPcx1Jaw/sghjPmrlOumXbu,student
student70@university.edu,$2b$12$dEqPTGs8Ouota2whUtdqi.uBXuzJnBkwJn2MfGh0HKbNPBik4xFhG,student
student71@university.edu,$2b$12$SPkmrL2XFH0EdV.MCkzexeDzxCSTwhrorJMRQbdJcEE3Ejw5AR4PC,student
student72@university.edu,$2b$12$hOEO8D.oXTbRwuCQdqTan.XkB2Qz/kgbQ.e44dVgBBPajTHLQvNdK,student
student73@university.edu,$2b$12$ESmFmxt9v85RR283U7KAxepXAe.7RSKlt695B2IH1OFGxgnJP8IFu,student
student74@university.edu,$2b$12$VRJccVlM4sB1v9/l6sKxR.d0ablvZDTAH8rZebJWm6y7mFOiEY6iG,student
student75@university.edu,$2b$12$eYqTeczfS3Qmouoqp874BeAX.pj7/NKsULfDBDDinHOiRhnfeOkp.,student
student76@university.edu,$2b$12$xGWFMR.DIXRzKN2RCFOuAeHLzdTXlDnJwBaaASZsEYG1H/AR23hYy,student
student77@university.edu,$2b$12$ANtazbVFhEQyOsK/u6QZKeoSoUsjQQfv/zZ.2HU8Dc10KJJ2t6FUm,student
student78@university.edu,$2b$12$VyKj7i0rkbNisSgnsS69HeMd6gR3IyPigz3rs34YVjOgTaZ5.AMYK,student
student79@university.edu,$2b$12$GKizFYmEp6VTcqM4wV5xB.T3ZD4H.aCvJRFlXjZ6/agN9sn07QE42,student
student80@university.edu,$2b$12$KEOt.9Oxgp8GealtEMCwYe1ub7abMZUt2./ielKXYdPTKr5Dc/2tm,student
student81@university.edu,$2b$12$T8q/5u8x1MpfIukLN8P.huOITtDQvS35PW5ozl.ioGwZlbmtGr2Su,student
student82@university.edu,$2b$12$sRV6oWGAcjnpM2sM8PXVBe0LpsG4OKtZwb5XUwMsEIzlbdLOH/ozW,student
student83@university.edu,$2b$12$62UQhteoTe3oNac.FVZlhugYQOqHY8LbVxXxDoGVVbOwTLUp.18s.,student
student84@university.edu,$2b$12$MU6R/NzoqDM9drEA/C5rnOlKI4L8TbdOMniXcfju15l1dg8GOW2Li,student
student85@university.edu,$2b$12$Eez6MAPfSPXZKKfE3c4XCuCl7mHfPl5UHyEax/bscUxo0Du99VUoW,student
student86@university.edu,$2b$12$WYK550ksds7jvztU3o6DUOPOQnD.aye/Ly3pKC.uMaI9lBbhod7mG,student
student87@university.edu,$2b$12$Xr8dzgpxITHI8N9ryIuOjueJtfqySKnwh/6j.daW1LP5TgV0MTof.,student
student88@university.edu,$2b$12$WRE1voYQGj62cBvj8pOUcurY7jlHSR0WVlEjt5hnBqGS6YKdAX9ci,student
student89@university.edu,$2b$12$r.lTE4YeSW3kn3h.T4oBeuLkyY.0ciAzMNll34hpIb2IEZTagpZzq,student
student90@university.edu,$2b$12$u3dM6MdcJgdnJULq4gT7aekZgU.sMb0b/szdPzDajn1JzhR2pSUWC,student
student91@university.edu,$2b$12$BMLrpWFQC9a/ZHueMhBDXu38Y6H8QhS7WBxMrn51zMJye0saO3IgS,student
student92@university.edu,$2b$12$2No74jNs7JQZGQcmIOFdu.CtIvw4f6wxYF4OVA2SEq64H.j5S0lja,student
student93@university.edu,$2b$12$vNql4aYkeB4afvmK/QWSVuQX/bLP8ZOitMbNCCGIJERmIntuuDc6S,student
student94@university.edu,$2b$12$Io29YfPNcfGeXUBt.rMLVOzo.vVffjAB0JpOmqS0pdurPDGXV90CS,student
student95@university.edu,$2b$12$dJXIgTmAbOGXfMsqioFko.uG5tXcOeZvHoOQ8cd36P2u3gYU.QGSK,student
student96@university.edu,$2b$12$lW4R8uxDn6q.902Dfoodt.X5mDG.qaAZ59Q7otRA2RRZHfI14WOaC,student
student97@university.edu,$2b$12$.qF2VI.ternTyd.kw6q9Fe7dEa2RstFFt2akBmJwoLxHVbiZrlZKq,student
student98@university.edu,$2b$12$d8YK6t8xya/qJtAqzOLsR.bf1Kt/ZpeEMaB6ftLT8VoP.h5xyfxqG,student
student99@university.edu,$2b$12$2t78Are1jSBhhqUOMmp6ROJSwaGlA0.BU.ZPDOHS9QsKrz6SToFlu,student
student100@university.edu,$2b$12$BVde/IHO6IPBa3y9A6sHvepRNRvh4h8hHyrvZJYj9DtFUwunVPdQi,student
student101@university.edu,$2b$12$0hspw0ZEuvhet/vFPOiWf.inPeoT.H0343y3B6RP0vc9MCSAdsvUy,student
student102@university.edu,$2b$12$FlQ69KK8PcIHB2ydET434etKbqwaBpy.xIKlc1vVTA39An6WjUl/O,student
student103@university.edu,$2b$12$ydCyQuzk3va4DunQn4joQORM0XcaY3zxbiblNUFnGN6/TCZ4bcZXa,student
student104@university.edu,$2b$12$O5ZtxVr.hYK3MxC.VeHZG.BQzX5YwzUlrQdsvb2/9f5lnvJPAlG8K,student
student105@university.edu,$2b$12$BQif1pp8fIVqgLRXaO95euzy4A.WFZ.pOgQJTExU8QN.9Thx19rKS,student
student106@university.edu,$2b$12$5jnxi3bdC.56upJAFKWr5uR4A0h95wga8smVwuuZ9VMQW4LaF6hb2,student
student107@university.edu,$2b$12$JxQobd2Av6CpoHVUN6NNt.sDDmznJV0Pl1qgPV1quDDuG6PS91.wG,student
student108@university.edu,$2b$12$5g3U8LWbcMGSTm7CJfNVC.3PCipXea5T/gT9UF4ZWuTFpQm/freoq,student
student109@university.edu,$2b$12$xo1ebDFztH6RQ/ikXQzxlu8JxW8sKXD8e62MVxM3TYXDKcO2mMOiC,student
student110@university.edu,$2b$12$t3rErvoeWBAWnGYw9GXFy.v5XseYuMXnlvirS7Q0XsPzghga5Tbk.,student
student111@university.edu,$2b$12$d1su4jtRHp.C3woWUp9dneD3JucdVAdUtJI1lTGnNvtOvv/a6kxj6,student
student112@university.edu,$2b$12$t9puUwswTk3c6WzOM1/jzOtvBcRNNp6EAlVddZoTKxWpoEgi/arjO,student
student113@university.edu,$2b$12$OtRmRuheoiU9Vc3iIqVabucEH.tDtZy0J/XQQbZC3AKsy7coFs1Xm,student
student114@university.edu,$2b$12$3n8M4aD2zBYCqI1cXBSzU.ZVJ6Q1dQUeQUDa/9S.ASd.0uv0Mhcf6,student
student115@university.edu,$2b$12$lrYD0B3mH2PsIBJ2p2y9Ku651IDk51UA5Y/yI5RhiqMjxcAQyTfVK,student
student116@university.edu,$2b$12$7VyCBBhHDxjF7iuXt9tXY.KQ7praMweTWEG/XI9H3qXLlMaSpZ/hC,student
student117@university.edu,$2b$12$bEtJFdUvhOTj/ZJRL728Ie7P4WHHGH175OIwqV9AA1mCOuiAEDp46,student
student118@university.edu,$2b$12$kYrcHht0TLCPz4uI5m.PeuO61pHIgtvg4j.EqS38n0RvruASKtl/m,student
student119@university.edu,$2b$12$nKvvUHHXhQ1b/lOMgsbzv.mjIqC7yQ2rCutxu5XQXnTkgY5NczdC.,student
student120@university.edu,$2b$12$wB/.jtrZB3t7tJq7Q6Rctel/yy8PA5yFvLifytPdkHQWqC7uOWhse,student
student121@university.edu,$2b$12$N5ubegKMVKpnpnLGIeObH.1RqiBgLlyEzyaBVXowFtzwVHk0bY/SO,student
student122@university.edu,$2b$12$BBCMZjmK2NheJN5rw.VWSuUAArkqQtCTTvmwWsTwPEVEHYw3X1uhy,student
student123@university.edu,$2b$12$3pPVbKP26r2OiGjjb.5g/e8U.xdt/I1P1c5lnJDtgZlJY3yIVm.Au,student
student124@university.edu,$2b$12$/wV6taaljJikPDfo40GYTOqlQ10CpLT78D1ZLBH3RK9msERnSW.8G,student
student125@university.edu,$2b$12$GPc8JssQJA0h5IwuzDwBhO3G3/0/XIIcdxWYFFgfgvu3mKt1qy41i,student
student126@university.edu,$2b$12$io67nbTH45x6cQhy6fZS7.eekk18/HT.Q9iDoBw8KPL4Ur9SR3/D6,student
student127@university.edu,$2b$12$URxjFYGnMZcpgiyqK7OY0eiIO1HNjMsspdBYQNorBGPau0tYTSfKS,student
student128@university.edu,$2b$12$4CVN7yGXMELQFcfYZud2.uryWb.BQg2ff2e5rhJkD1mdWykg7NTZ.,student
student129@university.edu,$2b$12$J1m7mYX5jtVRYIsYTZCNQu40sZeLwInTHxH2L1gIMegCrXgHHmdzK,student
student130@university.edu,$2b$12$dOY5n9/Zs1DKshMxEFTOk.qX.Mq2w049OLDaRDHnI8.cBXGGIaB0.,student
student131@university.edu,$2b$12$tAx4tDmeHfO1m9CLKoIozOG1JmNR1R6B/MfhqdD62Va1oqYVbWdB2,student
student132@university.edu,$2b$12$EVFZDpPBf8t3WlQsUv46XeHN9gaCsazWGoztgKAor6o4OkE75UBUK,student
student133@university.edu,$2b$12$iTzNqBfHP.jO61XnD0hkCOPl4ypTbrhdc/tUtMOWRi.IDZtRB4hey,student
student134@university.edu,$2b$12$ew45jzbcquN/JiveJND9WOv50W0t.AR/S2cmZGoC7d.O4fAXt1nLK,student
student135@university.edu,$2b$12$iKZchS2FKBoV8jxjMpDZUe7ycNCwugSch24/96W8CEFfw69lPoUOm,student
student136@university.edu,$2b$12$ijTEPzGBoCfjNeFQL0iRWeJn6zYlxM1bhUy5vcZ2XWzeNseeMBiLS,student
student137@university.edu,$2b$12$K2f2ZsaaNbkN5PdZBTX48Opx/fYfuhdTqv.gHdGX3QmilSyDvTuey,student
student138@university.edu,$2b$12$ACkLNSZDLEF1WQkelfbO0uTb64RjArGvr6xtU7x2aZy9CSZoujwXm,student
student139@university.edu,$2b$12$oDWBV.I0PnVowsVVrJ6/i.Pzk4ecK3Oa7Q/SxOvGdxqbusY1yQk3W,student
student140@university.edu,$2b$12$O.fHi6WtGSQQ3z3rYz6XCe5QHkDmozZYbC5uflszCxvR8lEQ1Kd3C,student
student141@university.edu,$2b$12$i0d327QjBllk99L.eioCIe2SlZZOYlBjDeqQ/qJHYDjUmw5dFnAqy,student
student142@university.edu,$2b$12$jsDW6ptiv4EaLBSDYHkzi.MPvV3v3v60N1G7ZlN3oyVzJd9gBcSOG,student
student143@university.edu,$2b$12$kyv8msWKrFnoNd1nSJlMO.CPuH0ZDZZWjrovDqjqedAVJqtAYQmUy,student
student144@university.edu,$2b$12$ThWFy2wVAjr.HBQ2QUAit./b1Yi1w63Ka/CnlujZwsNM5QyfRRh7m,student
student145@university.edu,$2b$12$KwG/n4pGp1l1ONDPNwAHO.UmFL7ZdADsVKhJ2iCsq.XelQ.4qJzUm,student
student146@university.edu,$2b$12$jh9VvNixFF1MUz5FJYO61u8ryNTpcwPYPfnLFpvo3pv6gEKd3EiKu,student
student147@university.edu,$2b$12$weLJmv.2.ZsoCqzQ22n11.XZpxxla8zdPXgNi2f5z2619PfTOZrtW,student
student148@university.edu,$2b$12$m0FfnWjVDycJwUKpqiwRcODaMdQeBnjOvvr7GtqhaZ8VbDoc25Koa,student
student149@university.edu,$2b$12$EJd5SzqdArOc.pa1adJoV.u7o3zjZeb4flmjx3.40RRwuneeeZ13m,student
student150@university.edu,$2b$12$hOTKcOX/XniE79xLIptGPeF0f.ZrEwDxu6fl2b2u./UFh.febWCf.,student
student151@university.edu,$2b$12$qyKEpQO0XJPMEwAghh5Ll.p6wKkIXth9pGg15.O2O4A0xVO.vCoxi,student
student152@university.edu,$2b$12$GD/1uVOX6jWdZVnOY6QZs.Dj51PWgDxeJ6UaWiPMXaSz44ooFcIDK,student
student153@university.edu,$2b$12$w0egDHF2PAHbgucWRfzCfu4QuoB9eYEQ/R42YteuE.8f2CLVxQ1eu,student
student154@university.edu,$2b$12$9oMFLANpXCbWYVgkNeisKeCJ0hPb3zJ.7MDCm35xakUFz79dlAsxC,student
student155@university.edu,$2b$12$.AT.mal9ELiC6EtQRjDRLOCYZqdG1Yw8bad2gaCzL79OPey/Xu0v2,student
student156@university.edu,$2b$12$JZmdWllXePXkuVU15hTYUexIkSHnYzC0Wd7lRloG7PQIPqiVIE73u,student
student157@university.edu,$2b$12$p2sdDTmLzE7MYygjGJS3NuE.sfr8h74.yT5hIty9qEFhRuSYpXMi2,student
student158@university.edu,$2b$12$nGYMEOcYOF2X2inQrUjO.uUHaCdMwywHEz4xM69rFPtx3o.gD7mdK,student
student159@university.edu,$2b$12$fI/NTVQRmMGjqMFWstnvferD0jB3qQAmH55ZH3WBP4SrpTMBkgGRq,student
student160@university.edu,$2b$12$7B5FThHM7FemFZmjrfagAOjRL0lAzSZV6kemmTdKSzyjM03774xbm,student
student161@university.edu,$2b$12$dUo8KIlwtzWqqWogxbHKyuOKIO5hpG.wC8L/O7ga2JTUPaLVx5os.,student
student162@university.edu,$2b$12$96tPPQYlyjG9QBfpJ13So.hoD/aeUzI.vHOnAOHrdAZ785nhDgMx2,student
student163@university.edu,$2b$12$MMx2mZ6Ye047rhcRjdZIfeY7c4Dj/BArRWHsoGT363kBwSRgvwpdy,student
student164@university.edu,$2b$12$ovbNyUfYOAroZ/33oTKXFObRTYRWhUJvP.o2/8ozAq8mgZToh3Y1G,student
student165@university.edu,$2b$12$vjuQLP.0NMkwVqyF75cY2OEo9QZnxa1hVagNtPTkG7MmweZuLQkIW,student
student166@university.edu,$2b$12$1VjVvRTKBoYXX38K4WYQTO6AHbRR3e7uT5r9wro4KBJlkclkEawcm,student
student167@university.edu,$2b$12$qYPTp/YZqPepqYovT1ukquSbheqnjN4Nv3DAIsT6gtX1To5HVP2LW,student
student168@university.edu,$2b$12$iJisMFbSEUrIwzcHZnaNc.hnyxA/ttOFKfXj2diahEtfomq4pxRby,student
student169@university.edu,$2b$12$jBsfejyGfArYDBHnHKOrSuhKJJH0YcWt1pV3wGVzHDCiA60eA3QO.,student
student170@university.edu,$2b$12$HkfPupmobkHmpiUNKyyw5OaT4qduEQ14axdbb6V4EfkYeZwnGna/a,student
student171@university.edu,$2b$12$kVZ3./cBOisbh0Se5/nWP.6wgLhN8Nkr8dsh7aGc1aDHDYMelI09S,student
student172@university.edu,$2b$12$VTjW4g1dD056pyA6arNX3ujkGi.lLaz.A783FBhcbsdm4.iiyrd9a,student
student173@university.edu,$2b$12$bd5QY56KrYOvjm4dPGlUveyLwTquxZsdlFv1e1AClS4c/LQgqgNdC,student
student174@university.edu,$2b$12$67WFs4DL110.w6Y5R/rV5eVvP6eQ7jjBpa/l4TQVBlkTps48ShM6a,student
student175@university.edu,$2b$12$jAyNWCj3pqx5td6g43yJk.DWZpQBibTFAvWi8OGsgdmVNQjYSeQvG,student
student176@university.edu,$2b$12$pZDjX8kJM/TCmQQEdj7hOeL3iWww6ghQyQsCi8ydh5g3VvHPqxjE6,student
student177@university.edu,$2b$12$WDuON5sODIKoz9qLc.GZIeV1BlcoUMopBNNkHe0E3SaEXnEbgiKgK,student
student178@university.edu,$2b$12$UJDseGTeqxRoNfaU00tSGewI0W7fpQoaH7dRQSrccBChjae4hdPlW,student
student179@university.edu,$2b$12$35wLnZgtIk69rdL2CWVLPOyF4un4oOUCdQkDXQNzV.BQBYTrT3sD6,student
student180@university.edu,$2b$12$ioVkViYFsKNjbISqdCHDKOaa19UcLCPKPoRUfQO2rbpKBP535NseG,student
student181@university.edu,$2b$12$mRN7xg6fHUaQuVO.s0m.P./5.9kdEXUqu2PZwW3FV2pun1QRoeNLW,student
student182@university.edu,$2b$12$Bghn6xXi4cOgpZ75Vo6WlOLs36bfFT.wXsSl1jsS/7gMWOyWFB5Mq,student
student183@university.edu,$2b$12$UY4.jWSGN.7L6/jXzmTncOYG5q1bimuTXNM2l/bRpPDgWK.zrNHhy,student
student184@university.edu,$2b$12$QlruK7SD6s4sUdEQzSMdKO06GW.hNf./SZM2w7RB/jMwmRfPrEeT2,student
student185@university.edu,$2b$12$jgM8T6EjmQ6giM4nMLncbuiygKw9eMrPyYjBpqq4wTiaavUr9/dnu,student
student186@university.edu,$2b$12$y8qpSgQAQhgUZ7Ck871S.OKSpxA1x7U6wUP/XKsjhysNS4CXBD6TS,student
student187@university.edu,$2b$12$2BR5SvLEAgSnGvPIiw4IEeL1qd6blI3d3D0UQ1v0uqyw9ydggv.ei,student
student188@university.edu,$2b$12$f9VfSIVSsIuNXC1/LVLtku2JA.OukqGGoaMjuo6/ooRQUPK1ywIFq,student
student189@university.edu,$2b$12$ud0hSKwSHMsRK33O1Kkj0emhx0GvMQS3ZOR3MrUteg9tgzjhgSPGK,student
student190@university.edu,$2b$12$iBnGrMvLzIfNt2sGB3.i3OZbYugQ4vpRSyFdlni3X6G/MZs4g8SYS,student
student191@university.edu,$2b$12$15fOJrtQFUAqF4rV2K08oeebt.UVetrwX93ubYENpKU2XBnNPSxT.,student
student192@university.edu,$2b$12$YLU3bcgyjjThC4uIMsb6m.HTgwCilPzEFtOI9H/xXs7pIN8jdfq.K,student
student193@university.edu,$2b$12$QYcUKkuVTdVvSfmAFW3TjuV4CO/kTGAAFhXAB0I/0UF4MT/8wk8.G,student
student194@university.edu,$2b$12$xoygORjvf0A2/fMPJlcIzOQeb0keG0377DfQHLYgQ23fCIYDUFiO.,student
student195@university.edu,$2b$12$T65b83ykemRHUULLfMwYR.g/1oiBsZLXD01z3QvfoL2LHudkDXF1a,student
student196@university.edu,$2b$12$PUUyYB5.Ozge5DUOrqcz5uJrOWpCUtMUzDnJoQ9M/TrPpNnMmgwDu,student
student197@university.edu,$2b$12$IHV18AD.GgzrGe9TAedSmOUPG3/PlOQCU6nRTtaAYWvvDwH0NO3qu,student
student198@university.edu,$2b$12$DVlArPEdE8MnvmG/V8H0v.Q9AE0xhkgFWK6qfNMdBjTcf7wyT6D6O,student
student199@university.edu,$2b$12$Ka1dybF4jvOuSvP.wG9dHuV9e2XYAM/bLZ.u02jUtgqelBwC3Mm12,student
student200@university.edu,$2b$12$VL1PdmlPDTqEc64EskOrCOX.KNLcK6QNGzocXg4sqXL9a6dsqYDt2,student
student201@university.edu,$2b$12$LnUkwWJegP4XYwtm5sXrROvYtZzq4phZy47TOIZCr7L3z7.kgPznC,student
student202@university.edu,$2b$12$SGTDon.D82a/O0uOCtorAuNeL9KW7M32ZNmj2jQgbEeh2eJ38Wdj2,student
student203@university.edu,$2b$12$Q3t/g7KsxCmvdAaWNBmxj.rH4QG1vJv8PMRQzo1YpYYhzp7enQqo.,student
student204@university.edu,$2b$12$vX44Zb1P5tH/NhwNJbnlNeezm4sydnFhKqzDjVX5OF/AKgUk1u.HW,student
student205@university.edu,$2b$12$eSJJ4z6ZVgLH4eYR3QC4IO8rwpyB8j8n2VPsgK.UG9HROe/gFLEFq,student
student206@university.edu,$2b$12$0PLR68SAPiukHhx2pE1phOszRH0tZmqPB/kwryosk0.l5lpsAhQpa,student
student207@university.edu,$2b$12$rgqMXzBZlq8Ky3TTO8dvVO8sXGqyu6artwcq0NLA/UipViAPX13K2,student
student208@university.edu,$2b$12$sqCfwifdFg4Ei5KjapAvFuImtKOgGVBl9.q.M8SGRQB2WCoGcT80m,student
student209@university.edu,$2b$12$wZQ1b9.adwj15uzOWAMPCe5c1Vz7vy20r11hBf1hG4w/uoGl8zpNO,student
student210@university.edu,$2b$12$7HFRXSY3MujPQWpSh50/Ae23tLUrCIkYHX6trHIOSiAojNC4hgMYi,student
student211@university.edu,$2b$12$AV2iKoDsow5xqJkahP.YTenjHqF5aDrQYssCq3ZYvS7nKwEmI9YdW,student
student212@university.edu,$2b$12$Tyxkycc6hbTxqjhfBeTum.1PI7.gM5sqJBd5Drm837DHd0WxTcN7K,student
student213@university.edu,$2b$12$vZ1w1c4RWllxvZizY4K9fusXHhNG/TP8C6li3A9Vx28HxQMzJv1AK,student
student214@university.edu,$2b$12$xT0PAZDA6UgJm2sD/0y18uKpfuuEqkznfiNm8EC.k/S6jtcn9Nfku,student
student215@university.edu,$2b$12$8AYUX7RJSER0b9ib7HYg3.UbLWAUZbY/Mpr0/bBZrTcJSWLUeZQ5q,student
student216@university.edu,$2b$12$dEXbrZ5F/WmhMxcZ7pHEW.RIp0Foh1uFakEcria4//1YikTpcGAdm,student
student217@university.edu,$2b$12$reM3fxgo5pLmokfbXU8FnOHRyOCrxwH06whMricC3oKhtQ.Vu4cEi,student
student218@university.edu,$2b$12$/FZLOPfi04llpLG7KveLaO/DVN1.7x8XwSUDLSz1xV8gdAjRahJhm,student
student219@university.edu,$2b$12$Oxld64LU.1uWtygMSyL3..xqBWcrCKBvp7BzQuxSUxgBieO/.uk5G,student
student220@university.edu,$2b$12$a/aOWlB3FofDpna2wHqAuOzDyVtDjNdjw1.8wo1eBiU9FS1p8HYi.,student
student221@university.edu,$2b$12$kyhgloyta9pK2wuhS7mZZuBVNZB3tGoNG8asp0X8DXobFtJpvWSWe,student
student222@university.edu,$2b$12$Wkyfz0awhZ2IEieFhMUnzeK3xRtjRDxO8dfd6BwArzjL50PMHHLeW,student
student223@university.edu,$2b$12$MkMzaKg63QU4q7gXkOT4ROm6TabxTl331YtRarX58RWcNACixRnjK,student
student224@university.edu,$2b$12$eOFugWu6kegsSEnkG.FbW.2YeKKWTsN4p256pjt29HosINNJuB0ve,student
student225@university.edu,$2b$12$S80yAk7vhyTz.IoO5Fksve6oefMWwNkg9BwFDHfvKey0RnuO/Zf46,student
student226@university.edu,$2b$12$PwJk7BX2d9MfT1aJQG3CqO6BbeRsA7P3fIcoWfvkc2Js9pZ57WD7W,student
student227@university.edu,$2b$12$NPEAkFCfgvUquoSR0iGr0OF3kUM9aYrGg4g8lrCDH2zqBQdAZ76.e,student
student228@university.edu,$2b$12$Rf8oze3.bRl1riCudygiQurMN3vPGw.h0CDYDdw/px4a3.KEzm7aO,student
student229@university.edu,$2b$12$n9ivgDI79VM6M9c.6kwoW.GH38jHpICz85CxZiIaLZLcPLajBX0yu,student
student230@university.edu,$2b$12$YX4ggBHMO5tQXeOCcARsR.HJXiqhoiJsFYWcmtynbKYgZjr2B4ebq,student
student231@university.edu,$2b$12$9nZgsD5nygHnWHOOpp8c8ukpG2T7hj1Ggw4vcaPq0QxC3bWK0cI0C,student
student232@university.edu,$2b$12$H2NeYHnI2/KVdWa.Jg7nc.0PVoB4uUXLGYKD3zULhowSD9LAH3qRi,student
student233@university.edu,$2b$12$0ddn3uXac5vlc0AKNN9X9.QCpX1bs7Qn5uwh8RpiFq1Y7dyhHmYyy,student
student234@university.edu,$2b$12$wUZtaQ8cJD6X01nO/y7HFe2tY0ytd.P/aKb3/t1wJTIo/gmQw2/wC,student
student235@university.edu,$2b$12$Oes9MaEDYtC7MztIxx5oB.9W58MIjq0Ajy/bmNPWOfCOR3RqKf/Qe,student
student236@university.edu,$2b$12$Jrfy.Cxm6CB7wM4XyDeGYu8kLgkl/peUQOJ9h0PUHAwwNxlBLSW2e,student
student237@university.edu,$2b$12$jvT4RyfyodKDZFYVTST/l.eoHdDqIIqIpusVngGcHgJ2QeJuGcla2,student
student238@university.edu,$2b$12$7BHODtZf/yS7mSsLNLAr.uy4.y4PNuFtP42KU1kZbm1Q6GFLTZ07.,student
student239@university.edu,$2b$12$aqF2Is5DEUwi/n1uw.cxQ.cquRwjnGoE1yeJjk0LAagRpqu5aCNQ.,student
student240@university.edu,$2b$12$vcDzboTs3JEHkjrQKmZXhec9AcXDuIS4T3s7Do.7nB.ynRlNkA4FG,student
student241@university.edu,$2b$12$awKPcK8JNgG03KoM8E1ogOAHxRz6xmOAqYwmJVXxslGssFAwCnFuC,student
student242@university.edu,$2b$12$UnK0MfhU5SEQzBT7qg/yGueewGNjVMqeqyi0.0SiSDIDkkTunfzt6,student
student243@university.edu,$2b$12$4NV7nvJR3y5/0R/C7RAsrOaS8B3UEpQrAO0ZQpiVhKQv/UefWvaHm,student
student244@university.edu,$2b$12$vtUamo1Ah4.TM9vHhkh8ce4PBDSC4v5qBozzxwzGAbc0J7YUriXm.,student
student245@university.edu,$2b$12$i3vAGPPeJa67sONLS5JbO.b92it./qqMQjkjmfcTRXGfwLw9/aQgG,student
student246@university.edu,$2b$12$UExe59oEjunQ9eP9Inb4xOKKbk91I4AG.czIseCM6N5/9LaV3v3OC,student
student247@university.edu,$2b$12$4CJfTJEJm/.VF20O76QzDurrSHyfrkPjH9NV.U6larnNOGBgAmUpe,student
student248@university.edu,$2b$12$lCOF6XQvibguntQy9COKHe1H61bf/TQM92ILhrZDpnXsmkrDB1Aia,student
student249@university.edu,$2b$12$ZPGg2BD/Z6xSeF0JfyzPV.ySLaaPw0vuL5q8NOL6gPE.35KOaGWy6,student
student250@university.edu,$2b$12$DmvKjUDJGcM/Tfoafe3VQerfvB.3DdUtU1YAWNuxQrA9TnuDy46zS,student
student251@university.edu,$2b$12$xaaZhxPQVqfL7CFU51bcQuuNwkoONp2AKTGrJrepKE42Kf.Ff/z1O,student
student252@university.edu,$2b$12$Y2TvFFUqSXHN2BiVdnw0Iep7ejAitSR1OdjCvDwz8pLIyeyR/rcBW,student
student253@university.edu,$2b$12$dObFOiY9NCzrQjkqxqOy/uFBs3J6Vl.Wbd2U.avaNVXjsEbNJuCW.,student
student254@university.edu,$2b$12$PfD7k07V6eJEBMqqYhHMEu7dVXzD9OfeaVI1NOqjX0ffW.YstY8UG,student
student255@university.edu,$2b$12$UeZa6IKx6bRpr1EpZ9Cf7uV0rTfJtFdgbqOOMvcN3WUleSQNWVF5W,student
student256@university.edu,$2b$12$H7TVOO1mOTVtVMpMDRcRNeovQepYybGDzqIT8U5oilu7E3fZSs7E2,student
student257@university.edu,$2b$12$UEIaFLZEPCSj0SPR3cdUSuB243hTIGsuQcTgwRgC7d/2AxOKv.joW,student
student258@university.edu,$2b$12$hw4EA.Yc7d3Kp.4EjEOrJesLOMtsJpJCJKeI0idxqalRzqIOIns1u,student
student259@university.edu,$2b$12$3O9.UT2d.0JASTs1krgzE.dIInX494vj28eVQMu0CNL571CExFSkq,student
student260@university.edu,$2b$12$OcSsP4ERK6K1p08WjPAQ9OTK73SKGjycp2yIe8nz9hvopfmNdcnIm,student
student261@university.edu,$2b$12$hD8RQdjJdyFErydWy/AItOl6KMmFaUKpj.JMa.ecEeGNZ5J5MNAU6,student
student262@university.edu,$2b$12$qurGvnInpojmQ6RUC./mOuLHOKemKfuke6c.r2v6148/0Mu76RY5i,student
student263@university.edu,$2b$12$D0N/p0XnVUFcgTNROtUiYeSLUOagjAUN7Z4Y0YjiWQg/SBbcgvCiS,student
student264@university.edu,$2b$12$UVNPvZ6Wfr43PwTtKFoyrOtKWW.9hrJ3cuWRFkleT2FxOhmYbhPyC,student
student265@university.edu,$2b$12$YXKFnbwn3sMdhNxKfvo8quGWtnxbgyPkKinF/gX5cYs2r./YNa.cm,student
student266@university.edu,$2b$12$VLLME9xb2S7aJglCwjZYK.irpfGVZvmt6eL2oGRRew8Q9rZioFB6S,student
student267@university.edu,$2b$12$zO/x/8xbTy0k37R9i5sHHu4pld7JAuNvevFdInFY1/8AUhOyEnhk.,student
student268@university.edu,$2b$12$o4xP1m3E05Jw3SdQXfTvKOMqyaxunVjyPyIJLGARE0OxmOEpG9gIK,student
student269@university.edu,$2b$12$esbS799Ph9ZY6W4QLnwv1ObFWW.Q7Y03leCaLdlvrVioe8Bxasiv.,student
student270@university.edu,$2b$12$2N7kgJigjsRgMxGTXDDEcu.dfA6cIjaFxaTTnQoW1XBA3I2InZcPO,student
student271@university.edu,$2b$12$uRv5Q3kam0zEocVSje5CVe3IXV4qME1x0AvZY.nkM98OeYK2DrkcC,student
student272@university.edu,$2b$12$MmyNfrymF4eSCDhL2WJKnuAhKSrQJFPo/RvQBYzJGAhPrfmsYQdhy,student
student273@university.edu,$2b$12$HZS.N5/MDv1U/pkLF0DQ9e18EI3Lu0cPMFwQHS8t7a5REI9lQabvS,student
student274@university.edu,$2b$12$nfhpX88nrGLsJt7lr5O32.n2tu/LyYRqdBuuDX9DVoqC7rvtp3YrW,student
student275@university.edu,$2b$12$t8DE.GNcAYd0gPrl5PAlN.rROBQ19XrwA5QLqtse5TRvp9jv6nIP6,student
student276@university.edu,$2b$12$2Z1QnQjRZeIcH.jTXOkbieniGMpb5Wi88Qz..GTzzIDH//rh00a/W,student
student277@university.edu,$2b$12$YBI4WCJBgr47FyqSldB22erKTTrUclCwulpVySdF0zTrp4k54EEXu,student
student278@university.edu,$2b$12$cP5CapxaBYhsF69KstQLOuHcSBtjGNoGQW6/DuzLSkjmt/VPsM3Xy,student
student279@university.edu,$2b$12$b.dTtDXKlDPbVicbp7OKYe5o/ksByDoRhFJnKmYdJOVQuu6yG0APm,student
student280@university.edu,$2b$12$vab8tVEZvtVCJmKStWmxOOSVjslEjoroFALxc5nOY8mE8O/.NJA/m,student
student281@university.edu,$2b$12$I002Ihg.OhlU4tLZu33jpeHHwRCT8pLCedG2ematoq0dsJ8f3h/ei,student
student282@university.edu,$2b$12$GrdqM/kMIyQqt3f.0TYXnekrnl.wuHgMfHB7UHXTpbW27P7jZIw6e,student
student283@university.edu,$2b$12$Q4i.u8ZTj3mv8WUgDTkve.GOEM4geT0ZyNocSpBm5JDf5FJpHIQjq,student
student284@university.edu,$2b$12$2OPeY2hoLb1915yMKDvWreXiGqPdceaIvbiJ/AfNTdhwisJjJ9tG6,student
student285@university.edu,$2b$12$3yDLyd2oyyxEpOQtCk/RQ./FLe05/oZ95yuGWun2U9BeLybb89ePi,student
student286@university.edu,$2b$12$0a7bpocWFBMjsphcpOG4xuYDNzFQahvCuGygtU6SiyK6i6ctvAIBe,student
student287@university.edu,$2b$12$NH2nvK40wZS2cA3y1FHLguX4eR4c4wXIhV/MGlQVYhvN4GYq0OCFS,student
student288@university.edu,$2b$12$qJP7VqEHPe6twRqlz2xmj.MpqVZX/hT61bbmOZTCgWrjqmBAkiPuO,student
student289@university.edu,$2b$12$0FZCkMp.JGM5EUJfspnz0.axmaX/CXWfPkhI5L/n7nBtO4PcMjP/6,student
student290@university.edu,$2b$12$fIHyIeVRwMT/T2XdKI9m9elDyrTmEo8rM8NZvoLkCQurnO9E5laIy,student
student291@university.edu,$2b$12$klGeQASfW6aRSCsl8nt79uoq3GGOTJPRyGTDG.M9YLJIAq.uPkVpm,student
student292@university.edu,$2b$12$akZbonwnxguORi.jHoztduWoW8KZleAX0FB1f5la3mHsmVZrOSyuq,student
student293@university.edu,$2b$12$RJQRcKrci1uscF8SI4noQe0KtJoEZhUEIi7PQBgZ3bm19hDq8b50W,student
student294@university.edu,$2b$12$LIVubPx6q93TEtgzerMMOO7XmQfHKmqgx.ckl6aRNuJ6hDUr7pqoS,student
student295@university.edu,$2b$12$dz5deFg06IqGQMy6Lgy5Pum7b9m4kR/VJKSB4B/wzHRkuiEfY3DYO,student
student296@university.edu,$2b$12$r//jxCs670.RhJLX0y8XKOn9aTaaun10TEAKAk45c1.YkpGHxOYBO,student
student297@university.edu,$2b$12$fimCTq7jMFjmW827Wbu3KuqY/mQEEFEjtCMIhuSi1/I/93sfIlBaq,student
student298@university.edu,$2b$12$tDrR488rJ25IFy9eye4T8eH0sOw7rLTmcyWG5EEpyQZZcoLbMQ7cC,student
student299@university.edu,$2b$12$kbXJ3ESaL/w9pCgPJm8BPueBtLMSyK4aKRF6SH0BeEeDNXtdFMa6a,student
student300@university.edu,$2b$12$9G3GpwgltTr5IFdL8t7An.gWkVQyS91xuVZyatDT7U.KUB.C.nERm,student
student301@university.edu,$2b$12$ocHNLQ2Ba/cczYafp4eUfuY82ACn3LamVlxCdp5oRGZaKeOVfOrdq,student
student302@university.edu,$2b$12$otVPOqT5BLDzZs03r8/Im.vhiiDGwWNblIRZjujTAEMeqscHIw1/2,student
student303@university.edu,$2b$12$BLvnCWv.2SQGdbI.Xl0GeO.hY19RYkS08HYdhZGebm7cf.usamL.O,student
student304@university.edu,$2b$12$MyxfIlu8SMzMggUFqYXu8ubi64ciDdP5Htz.yEZemKkiDRjDzE/Hu,student
student305@university.edu,$2b$12$ha2E5rfwRHDs..6Mjth/zODXMP8JEHsm3tumPbDhrMQgeyOng90wa,student
student306@university.edu,$2b$12$iH9flCFi9G5krXrnEqMccuFx/hP8mJ1o.gjN1OCU5U8ZaHGOYvfEq,student
student307@university.edu,$2b$12$C/JM2gdDr9aKmnWO4QuQF.5RRkYrcj6pjYPS5F/TVfHYlr2pS9XiC,student
student308@university.edu,$2b$12$8Q2kY7Yq.lv.1WQXuI.x1OwWH3SSVjAGLta9APIbYqfWnXAGVtlJi,student
student309@university.edu,$2b$12$HbjgTkEhF2j85TVM6u4tC.295MMheZNjE52rHbi3W4k/x0iWTwaga,student
student310@university.edu,$2b$12$9yYxHD6dx6Zr6rpELTsNGeuhHCuBTPPVjdb5wIq8GCNEs7qTW92iW,student
student311@university.edu,$2b$12$GkJgiu.X5a/moPE/6YLulOx8CaWDqyt6Xrq1MjjW9xseKhzYJ0VY2,student
student312@university.edu,$2b$12$q1xKhOoveCrMAbSUBZ6Z3u73QUNfxPB2VI.rMTfn2yCH/qQhanfBu,student
student313@university.edu,$2b$12$9T/cl/f4gcfDfhkFi5N00u.59TfluKqsIfE3mmsM5pdO4VQnwGUvG,student
student314@university.edu,$2b$12$XqomnL7nuEH6k.xYF0E2W.jof6o8kmo..hLAd.KAoXTC4Yc5OtE2u,student
student315@university.edu,$2b$12$C1nkZElD4GxI7twAPjTuwO.qWFMSNG66lmk4EyXbdxspmxYM8q9R.,student
student316@university.edu,$2b$12$ogDmlAXZwbmsTKN7wajR5.jFPSQlvi.ZRreyhmT7YLuEKcazPC7ke,student
student317@university.edu,$2b$12$MnBE3pp5DEvEXFJlU/BWUuMM2/S2/vL74CfiK8p1d5W1jLMVUcUoG,student
student318@university.edu,$2b$12$.dgd6hMOA67RN0kTZ73qiuYV/4I5O67d0WWAL1Kgtujn/iiLP84Gi,student
student319@university.edu,$2b$12$t/JoNk0tzQSJGTW.53a5o.XypBoLRK8QVR12ZitCB1/tbtfAbX8z.,student
student320@university.edu,$2b$12$RBMZLGQO3vPGKw6GmkrtneFb59ioSPo255wNokS6z3KLaGgQgTUfK,student
student321@university.edu,$2b$12$eJRmdoJ6WOKQU9TH6V0ut.jsN/V3OV.fgjyU8RFg6XWfK3RLY4txm,student
student322@university.edu,$2b$12$.yYDEOBhyHmJzMG1RX22p.uyIQQY8icxQinKmYHq52SBQbK6h1ZqG,student
student323@university.edu,$2b$12$62aqS01im5PTcSVVzu0obO/TDWVGNVW5GgknJmeq6O2KdX1eLcZ/y,student
student324@university.edu,$2b$12$K6HmWnQCinDBEoToiUhKt.JbDMb0ooUxHCQK.A7vAcFeSBuEptlAe,student
student325@university.edu,$2b$12$hvaeJDKZclV.IFIem.Xiceg4M0beBebh/SBXgPgL1lihG2REaS/Wu,student
student326@university.edu,$2b$12$SJuvz1K.2QRj9DsGhC6VH.hyvCa.JThpgnQspPosWb/1vn9ETyCeu,student
student327@university.edu,$2b$12$ZbKMgoDHq29QKtUK3BZl/ORXL.VB5oH.snKWuvKkPQsDpqcoS1n8i,student
student328@university.edu,$2b$12$7butBd.LUZng4iPHjaUASugEHnX6IzVeL0aaMNWYsZYCsRXfJ/wgi,student
student329@university.edu,$2b$12$/FBW/aQfDBTRmXDVJazuAeuXKqy4xwWjew7HNXfGneUrSUiPQTvWm,student
student330@university.edu,$2b$12$vuu37e2gMQqyxX/iwL6LOeFig3XTw1LDyloc72yJ0OSp0WNd6RneW,student
student331@university.edu,$2b$12$ko0ljTiH2.5SvYVTmL1xFOu5Sx9XbJHiFOwonGkJfMuPOjOkTrTyO,student
student332@university.edu,$2b$12$zumlDbZ6OAc1vN6odoQ9F.tkNDfzKLmfowc7rNmgcXMTrMPY7jbwG,student
student333@university.edu,$2b$12$Yoqca4lI6jr0gMrwxmE9fezRI7c8xJIxSNPcSknXu06uZOFK3B/we,student
student334@university.edu,$2b$12$7ybBZg7Sfhe25mIyxO8n0u6zAA5Kso4wzmxtnN0ZldKY5l61bcA1S,student
student335@university.edu,$2b$12$vFqSYn1kDd1qihbkMePQuulWl4D/2Tnl/TLySYnHrQBxX0hguek7a,student
student336@university.edu,$2b$12$6ao7gHrb4u3xNOWU8b3wgeSof3t41SxmH6T9AWp5ZVBNApR1bue0W,student
student337@university.edu,$2b$12$pPJjcxW5mIin1szhuXZtyeGeORaYD9ROrEP8zuSqM5nE/5OQ9mgQa,student
student338@university.edu,$2b$12$HtTkpXvEbyGRrX5rUV4Zqu7VzEXnjWHriBwHMvACPpwWqMkgTDh5O,student
student339@university.edu,$2b$12$goFMA4EngoD3DzQm6Eq74uvolTBG8SnmIT7kLyFKAo8kxqUEO1Bjm,student
student340@university.edu,$2b$12$jdwbkII65FitI..sm1APEe25LHV.0r3FqQ2JdeUQ7U9VZNGSPdziu,student
student341@university.edu,$2b$12$y22I1UZZtFHSfnq1Nt1TH.d4Zp5uHBxArnEUJUw9UAK6jqYR.DQ0q,student
student342@university.edu,$2b$12$hpqKnbBkLc75o2DPxYY3N.j8ZKIIOKMmU9P2VH8e.IN4azRfSe5ii,student
student343@university.edu,$2b$12$fpBtmj/uAoj6KX6jlrTis.6sPLjOotsIGUtlGsPIg5hKrMVBuf4a2,student
student344@university.edu,$2b$12$n.4gooxdq97QgJ0zvtULw.ZmtFfky0rapArXn1Lgish3FFGqPAhcK,student
student345@university.edu,$2b$12$vy3uXQf2lisvZf/Mh/AKX.cTmgRIN9SYX0qjZCx.Yostvq9brAzOS,student
student346@university.edu,$2b$12$uv/cZYZ6z2BUzEG3e5Kzpu6Z8AQk5h1uQZjHIUslcTe.7qBVR8pZO,student
student347@university.edu,$2b$12$k0eSkfQL7gFIHCZWr257L.3OPe1pWm3nltFu8sr9zvHc5Xn0yF37G,student
student348@university.edu,$2b$12$jp6i/he8dcCsDLMd/4ScSOztgOLdMonlSQwLoiigkpzMrdp2a1Egu,student
student349@university.edu,$2b$12$Ka7IAdggDSvgftN6atbTOekui/XZS2UTWUAcBw6Tu70ndmnHWAYhK,student
student350@university.edu,$2b$12$HYz.89h4lwPtWKLZwLDeYeWOKUzC6BWki0J1hM.Vr6jCDD8aXCbjW,student
student351@university.edu,$2b$12$uwNR.lQISUOSSdQol47V.OdguLvv0A7TrGDrZAgvuVBpaaniYDAMu,student
student352@university.edu,$2b$12$8UsNMXUqzGI6dwScPuRhG.AByk9n1E2fKlWJEPZUCPaLgGeC4Jkda,student
student353@university.edu,$2b$12$A.3HQVSNYewO7XIB9QlN1ukutrJisY32u7XYjLSSG6eAMnUvQeSEi,student
student354@university.edu,$2b$12$o237fRGZoPAN6MYzLFq5rOv4rlc67XIeD1yM8uz9fBitNB6gZWZ02,student
student355@university.edu,$2b$12$8F1vv/7FgIJWMqTmdeWHL.DwMDy5tMwdSM7fPjp0fEeDEDlzGFWR6,student
student356@university.edu,$2b$12$fy69D8JGbD/CwnfZXqPPROPDianjpi5uL6gtA/d0ihppL2CMs1UDa,student
student357@university.edu,$2b$12$8v19DOOck15jYIAyWC68yuz7HpVAHG8mpJjxMoDRgPc4HBhnViX9u,student
student358@university.edu,$2b$12$KvUqzdUeHEfwN6IE/qZYt.ono.aaX.mvsWFoXBufDqWy1AbxTsgrm,student
student359@university.edu,$2b$12$Zcsr471QsRszEaZ2GSlXzu8Fv1edl28TFc1JAZyaZn7NAmfxuoU32,student
student360@university.edu,$2b$12$1IkQoR9SrY9Hqnunw4/D5u.cKRugp.k0jv3PTGc6vOiibJQ/Rpmn6,student
student361@university.edu,$2b$12$T84Js.Tm2a04.vyFuAeOdO3byyDVS3A.a3WS/7tSOeQ4//4TJGsD6,student
student362@university.edu,$2b$12$OvFQjk7UUui3JTbluHJlaOcDKoGXLeyFfWijHAVVGqx.pDHbxIbB6,student
student363@university.edu,$2b$12$Shgmk4QYl34.l6KG47EnzetRbY4TH7SOmEyOGweILtHZoYGS4SWYa,student
student364@university.edu,$2b$12$pdkwlgAnpdD5ShZpF9CgQ.E7RzESZB4bvHIe0cpfNgVHzhMKH8k7G,student
student365@university.edu,$2b$12$ggsdpo/D/Y2Tu6yxoUdYzO6wW8Xyy0R/Xcs2.gYISy9oJ.TyP30Am,student
student366@university.edu,$2b$12$Q8tLQ6xkgqD4bdwQR1yW4O06AZBOrVKwEbuB1keA5dKVIM2SnT8De,student
student367@university.edu,$2b$12$MV4s7VbRs4ZUZqgzc5QAi.mNagkZ/PYvHWILnDXdLnWB6Jp/8XYUy,student
student368@university.edu,$2b$12$OSr4efP9leEc2F4CqCD9vO5GxXr.Ntb7qQ8aadbsLViTy2Hl3/ur.,student
student369@university.edu,$2b$12$ZnVofd6w5nrw.lH/njIZAOA7FvbZa7Vp9u9tOHOarWAOVyvqLjMh2,student
student370@university.edu,$2b$12$JyAAa5L.Uu722nx46aCA5.Imkf5mEY/4Wi1bDw1n.osh9FezBO/h.,student
student371@university.edu,$2b$12$z0tVks6/bUW/xTa04nNoRerD43Hsd/oWCV7ilORxLEl.YXBDSaTHy,student
student372@university.edu,$2b$12$FcTsJzRDJT8jGrv4EP89JucFyYsQiH6dQ5Wk3CTlnKle1ub1K3p.m,student
student373@university.edu,$2b$12$qdHU.OvQYOOFE/RkLRrFdeA73SUSTkI7NCkKRvDvT4A1Bdo5IG3dS,student
student374@university.edu,$2b$12$Ie/vVtYGYytBH4EWKc80k.MiKziI9tl4dfVMcauN2dSFeSrqlOOWK,student
student375@university.edu,$2b$12$6KzfrcU6hFDtOsL4ES739eQ1c/KiTyN2zlKAuxTePGEb.SX5KLw2G,student
student376@university.edu,$2b$12$W2uTSvFYBKf1jLOqfifBfOO1ZWvmIUHsYBF7XGXL3p9/tbiQCUXD6,student
student377@university.edu,$2b$12$X5AMHAqVu8ZRu282sVBIleJaPuz8KJ4Toym8XX5rdXRnXATgjv7x.,student
student378@university.edu,$2b$12$cd5UToSseM87yj8YsPpQfeON1CiZsbo4vFWMMjdk92SKC9YcKRVXS,student
student379@university.edu,$2b$12$TKFnxw/xacDHWEyD9aOp8.Payh2LBj.RuAML0WtBoLF2APdSmm9ki,student
student380@university.edu,$2b$12$ApLeOLpfSSh.HI1SwIFeWuI53pmMWG/FEbtfgFHg1fNf2mTF/sRL.,student
student381@university.edu,$2b$12$60SfHYtqNhWes1SpXZrDQu5zkwT2CwB4Jssxtg6125WAYYEQsgIju,student
student382@university.edu,$2b$12$.dVwIyQFums24AwWCkX5aOd6BhIReuTz5A/eUwtkjxpU8tR9xT.e6,student
student383@university.edu,$2b$12$eH3t5euqbGX1HvdrcefKX.88SSmBlqeBMbscCChLhgctEUyvFhIv2,student
student384@university.edu,$2b$12$kAFrw8Hknvve7VFioTV5GOSyaowRKaAnMm6Ygq6eGBtIBvwvHWVwW,student
student385@university.edu,$2b$12$z8T7wpnSaHiZUImlhR/JGOfrgw2.DtYCp3lHVHbNxf2Y3nJQ4ja9.,student
student386@university.edu,$2b$12$VEjboYV/rfNxPpfSJDkLzu75C6tSbXW1VJr6e2BqfMUGTauiE/0ju,student
student387@university.edu,$2b$12$R0ecT8iYuhhKPjDsFopsbO54UjLw1f0eFPdo2wiKzpVxZHCPvI.tW,student
student388@university.edu,$2b$12$ZqBIhtLpLw4yr7TNJPaDiOXbB/rYxFm7A2qrN.zhHxM621V3P/cri,student
student389@university.edu,$2b$12$HZeuEaFJmI3IppmOVznKP.0EZ1WsJsDWvfk3JiOUbI3KJnbMqS8QS,student
student390@university.edu,$2b$12$SgTkGdvySLuNeJ9BZPC6dOd/tBwCimiM65uffRDPKvguJ8xiZxpKO,student
student391@university.edu,$2b$12$hN5sMuHUkBfxT8xT70VfQeZ5MCd2TeuKi27vPBGxaXc3jKTmXPvw2,student
student392@university.edu,$2b$12$tD88j8TTKqhzcMnjt3SAJ.aE0B6Jv/7kS62JrSv13hVmUwmi9j2BW,student
student393@university.edu,$2b$12$R3Yz53H4gLn7J22yBR2tT.0.3JmbsioUxxl6NMWrdFbjTqdaXWqke,student
student394@university.edu,$2b$12$PhU6n7SlQKwQwYsg70PEr.XVC05iLT8xVTsPzyl29NcbxdFEdli72,student
student395@university.edu,$2b$12$05QQllk0SxB78boR.GkeoORYy3m3F9Uex9avhFt9Iu.BbllY8Kr6S,student
student396@university.edu,$2b$12$EU8mohVTAId2vKaCbPReyOldl/Ob0mqNICxKMQxLn2akDFpJ429Na,student
student397@university.edu,$2b$12$oxbjvmYqqrEB4s16ZjtrfOCKEk4vDKbE8PyjqbVhEBaZrQ59rIobi,student
student398@university.edu,$2b$12$U6e3iHHqBsGBfge8yoNvge2xrb.nRcaX3kEpmZBVu53jmjSo5k7vu,student
student399@university.edu,$2b$12$GBJueEzXsgGf5deycafq7.j58jqf0omStwmPaI6GWOebTsyOcVuiC,student
student400@university.edu,$2b$12$qF9pbip7F7.jplCSRw.rwuTv9xM6.WsrWRlodrCsgvWIJGFIfjn4i,student
student401@university.edu,$2b$12$0O7NrzPnUCWxCQGwFBmuuu/RzKfMvjKJRYYuvArjF5z1SFPRt4XI.,student
student402@university.edu,$2b$12$Fs75joApXNAIahWRqByQFeAURdze/yeY/cVWFRROQ6jko/ncdfmDS,student
student403@university.edu,$2b$12$PsAZ1UqiZwOqFPJTRBQXIOeT2d9paXFQsdi6OOwqn1glLVDYGvkp2,student
student404@university.edu,$2b$12$2zNDdpvlV6atoHRHDi/bEuoxnaWXWLOPrnuw1.OxBmOo.unJx88r.,student
student405@university.edu,$2b$12$Vt87gW7nwh/JfeNZiGyzb.hJodaB2uvhhNb8y1plTHH2dZ5SIRSNq,student
student406@university.edu,$2b$12$Xi95bjyCsHy.9hSDsTDxkOiNUmoVHP0X2cfdCXEm6dyOyArpeWYHC,student
student407@university.edu,$2b$12$nj2c3ost46nwWgaKgAHMJ.qi7mJdv3ZsyEXSPXwEY.IqBffv9eRQ6,student
student408@university.edu,$2b$12$MLkvBotl8yd3jDLSPQKIR.aFj6BUAAWxCFkXlPLItEcJk7BJDTjVm,student
student409@university.edu,$2b$12$m0PfsiElWpWXnRurONJ2ueBzlVcsvVjI/SKCtPJ7vX7nX8ujeFUNC,student
student410@university.edu,$2b$12$OYdWVQ1Wtk9Vt6nZIsZ21eWBADfXKmcP72Z1N/jnGDRCUXswoaUlq,student
student411@university.edu,$2b$12$jlBQQ1pZBaRwoIf6d7sw2e3gEtQeURq./gHiO2WkUQulndXVP4fIy,student
student412@university.edu,$2b$12$ZszCai1oYc6Jd5H7UHmJt.KPxvGxOgdrBwKxAyDz6nlOP4usVOuqq,student
student413@university.edu,$2b$12$CKR8M.h7cj8vlNNps0XSVOpFq1ETN2s57bgu7O08cz0yt8IR7v2iK,student
student414@university.edu,$2b$12$rstQdlKcK8kmBJ80Q4Hk4ehiAyW9D8n/lHcx6nR5A57TUDPAr.RRu,student
student415@university.edu,$2b$12$Jv92/8qv6Ovj/OVVj.Yss.PjJks5ECBdH2QbKDWv.a6pTHowWR2li,student
student416@university.edu,$2b$12$mXSOZghaK9ESKpDp6a.0v.jW3iBx1k7TJ6/MQcLXyWh2IMVAip2Oy,student
student417@university.edu,$2b$12$f3oSC/yKz2QBu8WC1Z7bauEsQeNn87m9JjQ2dYtJmfWwOaGTawW6y,student
student418@university.edu,$2b$12$dodnH0WA8cXu/AQb9j0CweCpwxOcg75ia1B2D8OK0UodWV/8fERd.,student
student419@university.edu,$2b$12$nKT5oM27NUvXFewSOdV/.e6imuxDXxjWd9JGNH3YdtahiHf/7TjHW,student
student420@university.edu,$2b$12$yWUEnMya1q4mD0RyNLyQIed69ssyfvUxF4yi2gPLOaWUfbewOUKFe,student
student421@university.edu,$2b$12$Fn/1Stgn1nxsj2.VL66Vpe2ZRKeAy1.TuKZrFCzTwdf36rlCy/LzK,student
student422@university.edu,$2b$12$aWlPT5HnupvCsO5jM6.mXuaq8CRDUabciBr/5fkV6D40J/RdexB5W,student
student423@university.edu,$2b$12$LKCXF/LgGlF2QspqWRCO0uBlDyR1eKMyZmvVIFWixYyOUPzTwLjru,student
student424@university.edu,$2b$12$rLjh5s1IQaYX2zdeGUWKHOUP3tPgLn8ly3JAd5Q5YGIo/YLWPThf.,student
student425@university.edu,$2b$12$6P4EUtEuuDzw.asBXkCKQ.iJXvrSvbkDXdbwoIEQFZ.32FAVpIdwK,student
student426@university.edu,$2b$12$OUvMapxo0S8VqR2449JtnuhhkKt0pzyiHvtydssfN3BQUJpcjvGTG,student
student427@university.edu,$2b$12$GvA0NdhsY7wAevzHrMBiAur3AyZysQyaxdesXGEs5c8ZHexamS366,student
student428@university.edu,$2b$12$9SQPFcUKF7wGyQggAJgOb.f2lR6.l.Ra3nzAq1ABMNSDmhqy7fhKa,student
student429@university.edu,$2b$12$tdAPUtwyMNORqtv2Oeef0uofcMWIvddPpGbDnayOgWSjmnoinag9S,student
student430@university.edu,$2b$12$JDXiIs6vgaMslnxddj7nDuW4T3O5U4p96hWerXXRCKheN7pYyMY6W,student
student431@university.edu,$2b$12$qEX.Na1I/EmcHXNRH8SOluxwCQFoXKX/Kom0XEFB7sugnbukcGPWO,student
student432@university.edu,$2b$12$bO1ksCePtQIsp7AxtD0eQ.JsWbrHrU6aculXmVt0gzmIGtIAkOQn.,student
student433@university.edu,$2b$12$KN8ne65hx8tgwjJaWgTcce9ZK7apRY5ybOs9tjI/WaJCiTLDtEsla,student
student434@university.edu,$2b$12$jldxfFizbyJ6Va7Lln.V6OB5xMqQbM/5HKX8YKIJaGFnhij8JR4qe,student
student435@university.edu,$2b$12$MRv0WpvTQXHlPVHK.9UuZuevpKA1ZDWpTsh6JqGIdpNlb1O.rng.i,student
student436@university.edu,$2b$12$L0Dt5SgwKlDpIuAhoxZnAeDTmnMgyP1K9BsReP/2YtGSdEfv8OEDG,student
student437@university.edu,$2b$12$MSJrQdRkrQ6hAk4m2QTwb.hUxmq4VU5r2cBmBBUTS4w71HspnQKUK,student
student438@university.edu,$2b$12$T.PQA18.KAf21T3ljyV/VeE1AZK0fYsHYmOCwVtwGYkmFrBW2McLO,student
student439@university.edu,$2b$12$.c7IwUDBxnSlvSZ4SXiHEuNW.ddGIKcBqTEYnfEVMqjcz2l8y.9b2,student
student440@university.edu,$2b$12$xnUdiW.WhGKLt6RgRij.HeH/wh1zI3HzTX8VIckNa.jRP7UK5MzEe,student
student441@university.edu,$2b$12$2KG91zQbZyijMPudaINWCOl44wQLYNbwuobF7DKL63N8xY/Sco9YW,student
student442@university.edu,$2b$12$IB6MpNvyniLYnyfpDGyKVufzLF//qvmveRQAOZucXCkUSJKaYaT82,student
student443@university.edu,$2b$12$.AOfuk3a9M3Nz8bBjrErfOXNUAADGmxXSylDjhNDYUaANLE4FYqsq,student
student444@university.edu,$2b$12$W/cW0mM8gy2Lpbx4sgCfYO5Mna6I2ZsiAkP1xZJSl1ufSsrh88HIi,student
student445@university.edu,$2b$12$RWv1ECSJl0RFvwyGL4r6DOTYtRURHvFW8iZ0rUm45pVy1dNltMkbG,student
student446@university.edu,$2b$12$FFVHMA9Zm6RLQiYD1mGdcOuzN8psGQhOydqQia8.C6PybyMDsqvoy,student
student447@university.edu,$2b$12$yKmCWuTjOsYZXgmvO78zD.1Xk9Vr.QokZaMuSF4xeGGY.D7fsCEpO,student
student448@university.edu,$2b$12$732CwlsldsIitenmoh5gX.2n8SJXiJOjdn1ylav16gC3.ItsdKg5G,student
student449@university.edu,$2b$12$Nmckewkb1LFfnj0vvjMgp.js0sMvBlWNkK.uZtNegLRM83MH4gnEy,student
student450@university.edu,$2b$12$Lmog14bB4oFg4Qkymlhx4eC8ImW1U2H.aM/a8aOBYxxACHz4KrcMm,student
student451@university.edu,$2b$12$wCe1yZ9DK/m.glSBmNL6yeJ30HYLnvEHuogc7MWFGolp9v0ngq4.K,student
student452@university.edu,$2b$12$JHnM7F/vvi5UUTBGxwVYXOAPQrjRAM5EvGsP/wPUpHjms0duh5Nwi,student
student453@university.edu,$2b$12$VdVRa08vq9vQQUusqg9eleG6btRY8Liw9CxVRCN6uHwaLLutNDO5S,student
student454@university.edu,$2b$12$.GlyaMwosoEHkHc5loBf6O7f9/wlr0/g3CH5/Xkk/LPzzsUIICjKG,student
student455@university.edu,$2b$12$tnwkHrcM0bDIRbXIUBYi/eSYTxHF80NwaPBxAMhjQEPeHU.xCf1Oi,student
student456@university.edu,$2b$12$nmgKVMKPT4.P0dJSp1ySZ.Ui11Mkem0kruZZiV7adFb80iz1bje.2,student
student457@university.edu,$2b$12$gJwotHYW1D561asMqTluWOtJ.fE3ZS4bbpnE1ViDJUUMbl3.BYn/.,student
student458@university.edu,$2b$12$8pXedO12VQRCyGBRfh58auuetPB2Q8zY5xspyIOZHbFLCzUwjNq5O,student
student459@university.edu,$2b$12$taph/3x3yFK471EtLdI9jeRltzBlzlvRj/SxyP9FIMOG5QinvL71O,student
student460@university.edu,$2b$12$Jf3yN7kcT2EoqeY9ifC5WuyTir.HxGJH/9pnvL/1GfYd8UufRIpT.,student
student461@university.edu,$2b$12$opJSz5RiNls/47l6wCN3munY/40ia.sLG7zbqaBkJZOnO530kD63u,student
student462@university.edu,$2b$12$bQSFm6W3uj1T.dcXS8quiua3BTYQRbcQz9imXwij7sEi3dS59mcrK,student
student463@university.edu,$2b$12$fV77tnYuqmfA.NyqrY31jePiqlF7XIsD0OsLsbD9DbkKnPgQHcWJ.,student
student464@university.edu,$2b$12$uNh2gRRwRQSiW8LnHl6BXOKeTUEANWaMcxMxqgrh7Rfb92mwpzn4y,student
student465@university.edu,$2b$12$XlbdIKnwGst/SLJ3Z/UeS.vyZ8jI.jfB3BcySsrFuTy3V/oqx/CDa,student
student466@university.edu,$2b$12$Q690a20y1sEJHv8bur9gi.coMJ8u.LUA6ddbnlxpatRzE2Cf5W4Fq,student
student467@university.edu,$2b$12$KpHYuubVwPE7/18ryCt9T.lejxsBEDmitK0CNNPbjPD..K/zxDEHy,student
student468@university.edu,$2b$12$FVgLHLSz8PlZk/12q6vxduFVgd3szQkCEXtIqtli2vyhU0cciqeri,student
student469@university.edu,$2b$12$jy/ngECK205nfp2zW4bcy.UTi5ZXGEcevA.Jukkz3wYQBDtj6knLK,student
student470@university.edu,$2b$12$1hy5ja3uavQFYkMJWBzHaOtOoiPmpQTpiQMOVNs9X2v05tWk0RI6K,student
student471@university.edu,$2b$12$Im2dZ3NWAKny1qB1xqk8XOKON4zlsGOQ/8a621D4qEwQplstUWWMO,student
student472@university.edu,$2b$12$QQ9Oe1rSR8lOEcseLP4Y3O3JjkHmK1wsI/0fCNhGOZXsf0aNYPNkC,student
student473@university.edu,$2b$12$PXgXDjG1FIKl4RnRhBeV8uuT5V9BS0WxaRvNo2IkiKyxj7tMMU.ai,student
student474@university.edu,$2b$12$L31sExAA43uCYRRgYLuk5.EwBD0wuJlM/8SqGhgWjh9E.nvIfV2Jm,student
student475@university.edu,$2b$12$oOz3d5V8BNasTruu0KcurudAkfgNUhV/33clfofxKU1Dk3YgOtbom,student
student476@university.edu,$2b$12$DlfjsjPvAl3mmuoBMCLH8OyMslkwi4I78.lTk6cOAaffSnKy5/sz2,student
student477@university.edu,$2b$12$zVOvIuVVMK5.Z4o4WG8pyel0ebFV2ccojpCC5C1xZ.80K/acLY42q,student
student478@university.edu,$2b$12$0JWUoNRW7hlVEVHPxWXCo.cVPv0sHHZOm.cUvKR4xX3SQjSJzX3My,student
student479@university.edu,$2b$12$7q2/h97wcDRdWkv1mMr7b.Q1CbL3SxJTC2hy3VI08S8JAX7vmDhQu,student
student480@university.edu,$2b$12$tFQ/YrpiJpXa2YhVXTwBruJ.pmispUxzEjVV3vusqBeOUUDgfNrri,student
student481@university.edu,$2b$12$SizWSN1zPVQKIfP0LGIcW.gYwMBBMoO6gBLIlD6uUSIKQAI7sRQ5u,student
student482@university.edu,$2b$12$vVT7m3Mk/x28flRfX.NhE.vUAZ.TJMSlWLnQq1Rm3Yfq7Pf/wOn8m,student
student483@university.edu,$2b$12$XsPxHOSWdyqpxZ3LSCMdi.im93dPOogTXcJclOGQpCZRNrCdyndoG,student
student484@university.edu,$2b$12$tKOCL7iaARt.J63yjCZc3uAsALhLMqE08Ek.X6OsXl110vIUWVRgW,student
student485@university.edu,$2b$12$hTuL8KUJrR7xbMPZXHD8uuhbR06SiRA7MxOuNCRL0HrfqbJWw3jfq,student
student486@university.edu,$2b$12$Cg.7m1vQcVjbqCR6JDnTBelTomPk7qZkakm.mO7c9EX3VBoNl6fxO,student
student487@university.edu,$2b$12$q8gnFqD4Z5qTmQ7kLoU5QuBY3YKHPxcyCRriuHz01bIXJMOdtmiIK,student
student488@university.edu,$2b$12$PpW0uIkuLreWtk7nroHMLePZus7vY3EjWlUZMiqv.wZd/syH6Qf96,student
student489@university.edu,$2b$12$hJIybd9Dxg0mJmaTXNoYF.aySj11YFwESOMStKmOqNmw62GChQy5W,student
student490@university.edu,$2b$12$uf4xz78StVIP3MZGMhu0o.jVodSdqYXZgkgkMq.ISTuvPRTR9Dc6C,student
student491@university.edu,$2b$12$7cSbWmFQ11OM4d1r8RsFu.aWCKrWVFZbTnc09pIXU/y8wzq4lekXG,student
student492@university.edu,$2b$12$r6IhTV2bn1gTn016KN5y9OLl3jCMO5Jl3Wclo0kcGk/7L79Ipk2UO,student
student493@university.edu,$2b$12$FEvC44rmULhVCaUnmfbslOv10VqjaOdwzzSL8mBJSPgOZDn1cauQy,student
student494@university.edu,$2b$12$j3A.G3wO7j5sqywI1ouOKuu4kOVJiIsYYdEDncQYGc2LX.XkeY.Je,student
student495@university.edu,$2b$12$ahy9B21k8PVp2NUYLgIPRuc/XWNgauZaabk9gxbVVpQ5Jmak0X6o6,student
student496@university.edu,$2b$12$.G2gKwm0wQ3Xybt.wRIRZeMvv0YCXZc9qilxUihaGy0VxSxSa1iwG,student
student497@university.edu,$2b$12$xvjd6CBRHSOGl0A2749oU.PDlSGxpmSMlV3QOcTTwDQjtNniSvSdG,student
student498@university.edu,$2b$12$OL48Yk4QWB3YXGPp98X7WOsbAqEHvkOtO8i./7QftOvlTpsXZGQM2,student
student499@university.edu,$2b$12$TesL0Wy7Yz0q31p6mMDu/Of7RBMqeWzbCDUDEgsxcWbWA.s.pllDS,student
student500@university.edu,$2b$12$p3NfWu1tx.IvHxoA0IFbSO9IMCBoBhBMszJpTM/cpjW5zqyODiYei,student
student501@university.edu,$2b$12$yi6paGvFTB3SOKFGGomiyeLBL.Vz6LlYeDqZwlTvgXvhTsZtOPSXK,student
student502@university.edu,$2b$12$cFiwIBG6qndU0yquSD0y5uTY9N/42hAH5vEnBd/OZq0AJZ.CUdW/e,student
student503@university.edu,$2b$12$4dsZCXsOQfWF0fDOGun3MOe.m7Su/dGEL22m/rHE9C7b/noZSCiH.,student
student504@university.edu,$2b$12$gruYddosWSBOQuCCkAPNLeHGOqnmoWz3FsR2pCmJYQpdLnMB.0p8G,student
student505@university.edu,$2b$12$Izqs3KOEPQwO3fVX932xpetOfSQSzNgUmCXXle1jyteMO7JMPr5yW,student
student506@university.edu,$2b$12$U.q3iXT3BnG/OnxO8ngKjeT.13Dt8Vq9RFoI3RGkF/DbKD2zsnZMm,student
student507@university.edu,$2b$12$yQJsqKYgUQl.32tih6WXuuCKCaPBVPLvdVGAMNLnAN3PDcVH9VbSG,student
student508@university.edu,$2b$12$b7TtrjGzdtPpkba4BDl/y.Cww7vmpd8G8e4j/y2FP.deChoR6nCmq,student
student509@university.edu,$2b$12$ytO/FagnkwzO48Z4meNXrOkzJtQGDKLzOIZhQMJIZNGTXwpNxYPa2,student
student510@university.edu,$2b$12$F2fVIA4eG9JKhHPN7qfTmOSGUzuupl9vD1LkiL8vHxeqFH0ihbWkq,student
student511@university.edu,$2b$12$.wCIqsCrWTsgQE/DZTrbP.frq3EG4./mUxgM5ptlYlpoSWMTUUB22,student
student512@university.edu,$2b$12$.A3P23do/nEPF.R463R0se1jKPg5adm9PmRWeACGmOK.IpNYQbTBW,student
student513@university.edu,$2b$12$HQ1WuqjyB2pyIvQIJuK3muLHZpVwgmZA4OH9d45.a67efbWBzlGRC,student
student514@university.edu,$2b$12$iuTJrwbNxtJtex6jIk6f/uF.kSl0VDcafwNzrzuQXQSQjsDmY3m5W,student
student515@university.edu,$2b$12$/bsNw2mXsaHOXZp2VrTWlemMQYJqtjX4n9WjVxd0lVD01rqxYB1Hu,student
student516@university.edu,$2b$12$.2E8WfrjkcrTjt3NjfLOXuyNJvSkA/zl7Xs1w6Oyaz7rBUopLFvry,student
student517@university.edu,$2b$12$LuggyECzgtxMM5/xbbjwQOAe0Yt4P2YjW9xYQ5u1oIWeIZemc7JtK,student
student518@university.edu,$2b$12$NPApcQdm0s5wjvOfaeu/TOZ99jakA1B.Vg3iVcblfFE65fnf9w/E2,student
student519@university.edu,$2b$12$6OKC8WV6GAwAxR18TgsJbOPc.vWwKRPwxqVWBCyszUXQVYsbTY5Qu,student
student520@university.edu,$2b$12$w8gUWklJE20od15uiuqZH.XyYfeywLeGpFmt0kl7rygc9iR77XREW,student
student521@university.edu,$2b$12$VkgZy/ITywoWXRGNEY23E.xrcL8Jynh6NA5JZDL2TX4t1JD1jDOnO,student
student522@university.edu,$2b$12$2ffCF2is8zlU9YjUfkAsAumBePKcvQZGYU4uZEj/zzfSge1NxPu8S,student
student523@university.edu,$2b$12$sAWHjgXHOeZ4cMhKo96VI.nhSo8JtEBSKB4gZaT8SHw/8/Ej07Z6K,student
student524@university.edu,$2b$12$wMJ8LhubSlADxuSxw7TMW.9NXLyXgEdNcQZNdB7AGrx6C7uZBX1qC,student
student525@university.edu,$2b$12$y9jo5oz9P9PSoCEYQ5SzFe7m6HJBk7mBSb7e4EdGSSkfU5w/sO3cW,student
student526@university.edu,$2b$12$J0cKuWsi6O8RcgNjW26oTOuvoWrOOM6HCGZO4pTaUVO.OQhNFLc02,student
student527@university.edu,$2b$12$4XLk0.Q.kiag7WKv649r0.KMhnVf7cnU08627Z1JXAgi7TZa5l0k2,student
student528@university.edu,$2b$12$m18NxIwTRQMRGQLjpQ/RxuwwdyqwE/r/96xr1s6LtKIUnT/7yNj.C,student
student529@university.edu,$2b$12$8EKgMuAy6mpzDrSEW5W7o.UySY820xvlwd8LyzFRFeLOuu81ywaOq,student
student530@university.edu,$2b$12$GkglNnUALaxOAGAwL0SRw.YUmMay1x8RKiKgKtoswKJKwIdu2263m,student
student531@university.edu,$2b$12$fhfhXutX8l62hXQw3aO44ON.n46nMvYbdtqx.3gDi66lzrYfylOoW,student
student532@university.edu,$2b$12$wyYQBLRXTjVz7ELdtuLhDeuYPzXByP/INsgcUU8dvGQdHh2TX.vmu,student
student533@university.edu,$2b$12$lYreA2qKnDgxxiEmdNEkS.d8kvtuf5omtjsT46kUWsN045wVO.1re,student
student534@university.edu,$2b$12$ubfLvLRvWcDkbAfsHpOcCuA8hMv3JIMw9DaMgycaWX.mzkTV8aHom,student
student535@university.edu,$2b$12$AA.0uwWjJxeZ.EuVtMj5cuAkB6QEWzomCRRExs6gmc7LJbjEY2YLW,student
student536@university.edu,$2b$12$xuZ4OvCkUdPmvtyDrefgcufPvZcCDL/DPLr.X.An9t8VmHhsWpn.a,student
student537@university.edu,$2b$12$N0b4T6sN3fYOo2y82XNbUerRum6tfDT6DcuqsURu3IR8olKJnZJEC,student
student538@university.edu,$2b$12$Q74hCZGTty7OQmQs5oo/seHy2iRz9qwUsOYeIfB6TJXOAqcfHvI7u,student
student539@university.edu,$2b$12$p7686s2NXvvkNAurlcbRwuSTgbrzyjzerXju.utSl2eoiF4jlfdbS,student
student540@university.edu,$2b$12$QrScQyPDrIImB50KYSQEzOP6aGConhl8tq77jWeb6JKod0z5E9n8.,student
student541@university.edu,$2b$12$twZkYaJWqTGnOmP9nywpXOg5553ltNoqR2rt6jksVW2B9VMho1Bce,student
student542@university.edu,$2b$12$R3UmkVpF4p3qzJLc/5pdUe5mV/ElGi2fFEgJF4MQRaNIQW/sSAUSO,student
student543@university.edu,$2b$12$xpG1InKxcUugRYFq44TucelnmuHphRrRJAswxiXS.ky/vnScuoc8K,student
student544@university.edu,$2b$12$KciGtkLbH4/27Nzp/kFkNOLetYJavdcSgLQyfRu80fDOHxVKmZCya,student
student545@university.edu,$2b$12$7mSqfLTedn5BvV/r6CgIce.o4YJu18tBKFJ0EGSsSozEvrGlpcbXy,student
student546@university.edu,$2b$12$pxlwON9Vo5UaXyRQ.BGXTuU2wkirsXQpKhoaV0tR5xksVbgj1vCDu,student
student547@university.edu,$2b$12$eGEYOMrsVF4vXwtcdwuo9OFQJMMeA89vA9DUYhsgGNXHoVjuQEH/S,student
student548@university.edu,$2b$12$YTdra1idV.RI3AV2mkpFCOTnGzeBXjKG57.z4KtW0cpf/ZnI.jW.e,student
student549@university.edu,$2b$12$ykBv9qcOWUQAu4cwzBg9JufIf0GEujT/ALltWsaeK1Nl1/Dc1Va4C,student
student550@university.edu,$2b$12$1yeXsqEOJ1aQIiSD.dOjjuHnAHlMnt40czA0tkszu8SWG9jlixi.6,student
student551@university.edu,$2b$12$Fjr5KsE1ViRUusyA3hxclO3NgogGOhifJNS0X.BmyKVw25URm.FUC,student
student552@university.edu,$2b$12$j9I.RUvM4qEManGM4dpEauH.hGQyrl7j2xyN75ApSCEANT6mEojf.,student
student553@university.edu,$2b$12$9OGskLid9S8SDrfrFKmyj.ul6UWLepa0nem307A1SNbBqh.koZs7S,student
student554@university.edu,$2b$12$XHVnRkrWr8v8GUfRr6ALQeSCfK43WNA3gLFRl8J4p70qqd3LA/prG,student
student555@university.edu,$2b$12$9vnuPAmPuV5OV2liFI7STOjpTdxIMeZuRs2UqZwPYcXxmNv3C0uIK,student
student556@university.edu,$2b$12$TBFKBlRRZeqibY595R0I0enbzaAB5c8a897oHcBmsoydWviTh1E4.,student
student557@university.edu,$2b$12$RUBnvlhNTYKNuuvbTgrPYu9Kh5jGPrHp4t.df3.B/mEp/2huCzIJq,student
student558@university.edu,$2b$12$EbPSSjSMTyGk8DdO.sqMa.AAsoS6/UoR0OQpJ4hi03Fc4wdD3YO0O,student
student559@university.edu,$2b$12$2E3wfIs.KPfw.Ot.TkMkpu.zZ1oeK626dmvY08Rj6uTPQ/PLcYGfq,student
student560@university.edu,$2b$12$oijKZutZUOFDNfooWvmWoeDx6hlqTOK9Qi27J/po6lnOXjYX9MnnG,student
student561@university.edu,$2b$12$9DKANLbiHnR9nKgYG0haRO/CydT9g4rdocyqnpKfvpMG90oADoD86,student
student562@university.edu,$2b$12$HfoBvy0EAYeBE177EjrO9.h2i75A1BQGUzUS.kh572KwOeJ/TzYRi,student
student563@university.edu,$2b$12$oww71uEy9g7AtQ.qiVzr7OTO9T15v2bbp.S0DuEaiLCwhleG5YmBm,student
student564@university.edu,$2b$12$M19usit2nZcuk5j1gKGYYu9FzqYMSM4ehSmVYg48K/Gc04NP78XGW,student
student565@university.edu,$2b$12$TpSZjL0C1v2RHUYOvfSmFO2Z9Z4BRDbxYZNesq3Vz7.9sT7USQmDy,student
student566@university.edu,$2b$12$BYVyym4EDytaFeI30tyXh.vmiBKibzw2WpGmaPHmJKIffn0wCkW.y,student
student567@university.edu,$2b$12$VFy4YAijdj23fQ7dYFwoVe1UG6w1xZSb3GfykINO7kLKh1kkqBZyK,student
student568@university.edu,$2b$12$6XcCc27GNYu5nq2RK1KNieE3hPAE3TieNePPrbdfLb3P0JvHFT.Gm,student
student569@university.edu,$2b$12$aFesLhLa1hJaYWBQVkUROOXuDnvQWJJNYn27DV4sFQekx4rAasFb.,student
student570@university.edu,$2b$12$9LCGM6LlQzw0tAJSP02QjOU4LT3trM4jEFfJbC6IL8dx9g4ueLJha,student
student571@university.edu,$2b$12$Glb3VOVSQIvyYXIm11nL0epAG9KDpytKqvmCEXImYck2WxoTKpzL.,student
student572@university.edu,$2b$12$Q4xSyZI/RSk8KAGN3ParyebudDCzaCNwI5ALY17RlclBPvFCuIqFa,student
student573@university.edu,$2b$12$nDGzrTNsaByWonm6Gg5kGOZs7ojd7IYG2rZqRG6GFzoBv0fyxQxMO,student
student574@university.edu,$2b$12$N7A14RhZtn1o3//Di1vk.eavbxXe2vBV5r.xp7Yh8TVaNxlmBZqkq,student
student575@university.edu,$2b$12$10U2l7l5xmeB.0AwB0COcu7T99s0pI5rW4sty/Dk6B4wyhRbC8yWm,student
student576@university.edu,$2b$12$vE4tfkLwIphAuotXB0WkyuM4k4uzYZhfsEGBky4V3wjoPLcDExlbu,student
student577@university.edu,$2b$12$0Gc/Fq9zpAUBtqLM0oWu9.411chM/eiaTMq18oISBgHoQCl5E94Ai,student
student578@university.edu,$2b$12$C.RZc3iPFZwHDWbazKXRX.Go25/8q.OvhcwjGwjH7Xupvc5B9eQuK,student
student579@university.edu,$2b$12$LWWKFp5bCts4QKcEaEmwuuH6pOqFnUVFXp77.vCFzyzLigbEPKV7.,student
student580@university.edu,$2b$12$OpocuEJ37u0o6n7lJ1Th4.1dsRlIYQK28Czjm8VM/bqdkm8s2bZCK,student
student581@university.edu,$2b$12$buZ41Hyq1SPJKUjxSzdAQO39B4yq6.P7iiogGXMC8mbYqYVnlzyHm,student
student582@university.edu,$2b$12$DDBRGdZgCmciQ1K83t9wruXmCEkTO17v9NwEOk6d3wuR/Rh6QIx.i,student
student583@university.edu,$2b$12$yVyNrgx/to4KS/SaslZSTeMLePhAYDdeaZjryvmzx0mTL/LKwYGrS,student
student584@university.edu,$2b$12$M4V11tSGtIbXkkQhZLlzUuWOFEZUUmNG60AQPwX3OO8bIujHjCQdm,student
student585@university.edu,$2b$12$yETnAOOLtfrHaBHzHMo.veaP0ALznB20TELdAIvEXU7IAOZs0I9uG,student
student586@university.edu,$2b$12$rjFoQtPSVPZeYBdOyj3kT.xN0C1s2TjH9hcV/oy4cZ4wd72gunWZ2,student
student587@university.edu,$2b$12$VPPlc3pXtldSfhjogqU1auvIdtSdUuO0.voiW3I92gAAHL4a7U4nm,student
student588@university.edu,$2b$12$BABl9Pe9jVtJTOZoWCo.aegvIuGTKi/5s4/giTVnJJwlSh2u5xd66,student
student589@university.edu,$2b$12$7l9Begql5TKvjEVOW5.J4OVBlfZzJpXBTUF9AeicjpmSZPAjM4sK.,student
student590@university.edu,$2b$12$ivz1Kb4Vt1g9S8mqo5m91uVDFaXvPXA1iGv0NV6HuPc2MkrLuerlG,student
student591@university.edu,$2b$12$J95.geRPX89wutXKlfSSmuEfD6sp1zKwJzyw9WJEcO7mLVwZjEeIm,student
student592@university.edu,$2b$12$CwrSPkUDpgg6bVOed.dFkeotuv1kdASHvi2vD5R4ik4V0Ft5CDIkS,student
student593@university.edu,$2b$12$MeTNwe4yO026AVneWlgqZuVMDeKVEFjsUjazb80WGRnTTrIpqrsba,student
student594@university.edu,$2b$12$lOOC9anZ4terxSx/F27dIOD.T/ozvOeGTO4hrE0ZylrIQbm4/EkSW,student
student595@university.edu,$2b$12$BUSigCI4KORjM/YZR368p.PC4YyLW2/PU6u9TToX5mt/etZQC.v.2,student
student596@university.edu,$2b$12$QNm5ssgyvESwpI7pTJ7mGepS.z3VjXSdnkYmfM5PVPB2s7P7e/pW2,student
student597@university.edu,$2b$12$owNeqwbEgFrc5F8vdxbo5uZjd3/71dzYc1vZcwDDEZTU/Qt1wmy2i,student
student598@university.edu,$2b$12$eO17ifg39FwD5DNqYJHGWOExxo8j9NNMQm/UT9jj2KD7Qjqn56dJG,student
student599@university.edu,$2b$12$XbZiTB43x7DwOZyM612QlOKpOOMWjIAAQmiQ/M9pSV.ax4ENUgFIy,student
student600@university.edu,$2b$12$ErNhOGVsAFLW8DQIh2cGWediPYw5zJrzebeqGE1uNySOyFsbMYxue,student
student601@university.edu,$2b$12$PuDX7kouklfpKq4.Eb7Kv.Glrx9m4pDHNd6HMAzV2jJQpL.wA0nG.,student
student602@university.edu,$2b$12$gRmCJ3kuwNl9rDxRTYVVA.2ENkd1eiM3lBTqGa0g9YwDuilDEy3.2,student
student603@university.edu,$2b$12$ruRYub9iAPKJgD8RSATfPOZcrnvpnojtr20Ro/KFlmw3h2kati6Te,student
student604@university.edu,$2b$12$Jid/.G3qaAIOeg9tANtLleqtPoMILZ9d4ZW2QrpC/ilaHKgwGROpe,student
student605@university.edu,$2b$12$CJTVOxFKzK394a/NHZ3dfOAyrFEvCHxjCCkv2n5CtV/NmFuQiDFg2,student
student606@university.edu,$2b$12$8jk.72zvwu0wtx6CQ3u6K.jzsSai05n5cw2vnvyBPB5BpYV0cNDw.,student
student607@university.edu,$2b$12$0cSkbyjGRPN899w3af3V1ul1QXZqCm5xbtYydUH32iTMQ72hvVS.y,student
student608@university.edu,$2b$12$bnpj0nhDZmy7PLtDVA3epue9jvdSKAVwIFI78t82/Hu2nOdHXxsCu,student
student609@university.edu,$2b$12$wchkdmGR49pMhDMlRLJgDOFyWnxH1bZ90F1/quyLHEUPSm7cDl926,student
student610@university.edu,$2b$12$Xebw/m8Py5LG5QNi0AX05ukzJAronVSa9YfRZEEDUyQskbsUr1mQK,student
student611@university.edu,$2b$12$9CPl3v.PRf1WNrOUNLMQZ.Vfk5QCP/ezF2N8c3kKmtAUWiPpuwgLi,student
student612@university.edu,$2b$12$bNAodCIfRlefqxFYVJbubusLuM96Q1FwR4.5RVTQiwxxTwVSVu0CK,student
student613@university.edu,$2b$12$9zD2VxxyJ3ZctsYjKwfSbO.9XIJHhbilgoyTo8BIUfVgO0.K9UxKS,student
student614@university.edu,$2b$12$yX/IEV2uvfzC0a9vX.QTOeomKm5/kU4sZnkwLaY7opVpb3sL7xJH.,student
student615@university.edu,$2b$12$t4HtIyAdF.MQKoQQmvCn0.2WjQvHtJBUVQyms/4Z64.c/jXpP5FEy,student
student616@university.edu,$2b$12$01t.eJZ1FoTHKCLiNcwZQeYUaAYUBg0xMSvMJyehrQUKsPPyEfIrW,student
student617@university.edu,$2b$12$RdTOwqZxjOtVLUKOu8w.veMJIQg2ZX2GFRnwpxnsyZUeGSFf8Dola,student
student618@university.edu,$2b$12$cNPLpCmPTbSdg8bmgf98R.6ZnyjmMqcE755YHj3NCVhnlYaGuoUQi,student
student619@university.edu,$2b$12$/PIwAfzJSGhR826PxtRON.Icd53pw04lx4NJg1MbyLQjcUFHYILoa,student
student620@university.edu,$2b$12$FziljPwW9VD.I5GI40FoiuTR1Fy/FvqdYEwJVxgno4ZRNXQkyWpby,student
student621@university.edu,$2b$12$SzkTrb/9WoUtrz1I7udlleps6eSuZBzQvOWLPmVibIOkZK8LIqn4u,student
student622@university.edu,$2b$12$vGp/eF.kZ5vhMOl9CLBYN.L1YTMA45T7l4pv2qMvUbhmnB1zBpnWm,student
student623@university.edu,$2b$12$VPGc9aml/jpG86db6TbBOekwRmwY9a0Vl3tlU9JCzzKf1PJNdB2dO,student
student624@university.edu,$2b$12$rGtUtxR5HwLUe8cnaYKpFereSGNZB4GWIhkI0vsb96DXuJpsD.Z06,student
student625@university.edu,$2b$12$/ArpqdhetYFKiv7HoiMoMOijsk7EpoPWc9RM400vcyXZhQsHYmGiC,student
student626@university.edu,$2b$12$BDYS7VKq4JA6snyhea3qneQn/49jH0uuFNcTsXDlXTb.QdJzezvuC,student
student627@university.edu,$2b$12$WNGTfFIRXnDxB8hJUJ/MMO2feba0.xxKN7pg6mRXNPzu.NmLfYDwC,student
student628@university.edu,$2b$12$5brt9Uz2jtNdKbsc.c5i0ujiofVFyKw/7ElQRAYjJellEGeutwnsO,student
student629@university.edu,$2b$12$M9q1Dwr.Fm5Mtmeu4/u7wexLP5Kd0Tftm9t.Zg90deac5vAYRq38O,student
student630@university.edu,$2b$12$1G5sJJQg0g4KdP1onb3W6OAqr6m7rR5V3CRqKAjeAO4rTfJi69fBq,student
student631@university.edu,$2b$12$Upj0ujQkAncnDEY7S6RVPOIgZGAb00Kynys7SH0RcQBz6kEtDS8hi,student
student632@university.edu,$2b$12$cCHVYc/In35w.R3WCueNneXNQ5kwq5uiHx7NjsxyyhyC2BsZ89caW,student
student633@university.edu,$2b$12$xLDYbA/2R7gDvhOupUOffOVkB63wFGbQvc2O/4ksWWyJHM8n5r0Bu,student
student634@university.edu,$2b$12$TE7gxgiRRGpPNzA.m2352O3u4Gou4mcvvTFBf8jL54xzOF8RmK1LW,student
student635@university.edu,$2b$12$IhoTXWSFeRYq9/JVfSnupuRBGpF1MdIBDDpNGq4RrC9OvWzxara7a,student
student636@university.edu,$2b$12$KucElXHxRDX9Y9AjVwuj1.o5oEE1jKTRjYhur8jX6cewO2HsysJXS,student
student637@university.edu,$2b$12$Ah58G9fFOZcZFg79bZFSN.lkrBq43n7immufATMHM8zReOvfhPs9O,student
student638@university.edu,$2b$12$BmPBz3bNDOuANJ5lMD3IieMgJMt4zencov5k1qxYpf7qMM0qaNmdm,student
student639@university.edu,$2b$12$hejwJe0H7QAKfV1zUwSbJekPzcaLMo9dmlxvz.ZWi05mmU6AvD646,student
student640@university.edu,$2b$12$lSIO3gKdlpj4Ipk7ZV86T.AJRADJrpeyUZawYI7C2bB0Qt31cHLWO,student
student641@university.edu,$2b$12$Vbo65Dt2edIxilCHyeh/w.r7zmmWXSJl7R6rFptmULZ7LUIE8FnNS,student
student642@university.edu,$2b$12$XkzuI2AlDDpLiWMijv45p.qPSDvX81kyPWwZperq5o587xielQDnS,student
student643@university.edu,$2b$12$ujVpOn6zqMofvsrD8oRJuOUkCVeegIJFzwdP6HF8aTpq3wDcLrTi6,student
student644@university.edu,$2b$12$cIEXGduRFmB8.aGTTw7gaOOjGi/pF1PoXs2y4dCj8v/oxTa22r81O,student
student645@university.edu,$2b$12$AtY5XrUqywXqzfIOzHpzW.4TbTk8W8NWwEGsj6o5Igsj4JjEZ4dom,student
student646@university.edu,$2b$12$03ga2t6nbMUgtyulDPXaAujbMp1qgtOyzwcv5hKLHNBl4YFbemyG2,student
student647@university.edu,$2b$12$dRwZOgPPTPCq2mN.r3LRreK5TP/iuVnsBtxBmMENzcs.P4qhWDdgC,student
student648@university.edu,$2b$12$t8p1JIF9VINyVKf/Og19Je/4Czk/Jt4i203/ipsUOSkH71FMyS5iK,student
student649@university.edu,$2b$12$jO6PmbRsPs8XjNZoXZimzO9Qekz/A/YPo8jtuLQiSftwYboG8xA3K,student
student650@university.edu,$2b$12$g6IdLwn4b6MXGfHkPkYaJeVkSkwadc3V1Qmo91g/2U/Cyi7kfm.XS,student
student651@university.edu,$2b$12$X5s2Da04PDklQijicUrT7.uQW/hVg7goczA6LNnehK39J0x/XA1Jq,student
student652@university.edu,$2b$12$Dj0GBUTwu4LZbglSrFCceuEAr4jPSUkdYPNg1Zw0i032s34RaVx6C,student
student653@university.edu,$2b$12$7p2OQkm3G/TdOksie8LqteuMMtxVlf06sW5vQM8bx3eqv67tDWLwG,student
student654@university.edu,$2b$12$4HGKIce7XvoBmWuzgJw5O.HkBhEP21Q6Ue1smAvSZm1izHmM4qhIC,student
student655@university.edu,$2b$12$bFSa0LZVgysfGgZPvxBUGu/jhexrebkrJrghO9gOyzIWPdM.fCEm.,student
student656@university.edu,$2b$12$MSxAWv9GxGrTLWpL/fsW1.fiOOmkh6H0K6zo3hIlLEI8Iq7Sb7kX2,student
student657@university.edu,$2b$12$cUb.j0YvBrSSaoQ2XTiBqez.vAsdznN.lYjbQ9TXgOnWNd8Q1J0qq,student
student658@university.edu,$2b$12$BmhbEMzZIHj6/wmQ/H3QJuOkPcHClE8neOi9EA9BYMpC1eHIyhGvu,student
student659@university.edu,$2b$12$2/BeuicrVcfDt4RKUd/XWu1luPoqz4RDV2yEcAriRuO7ZrU31Uvqa,student
student660@university.edu,$2b$12$zdFGnN3itrELrJLAlUxXJeBvwFcdGxo/aQKctGYcjHydrH4O5nyk6,student
student661@university.edu,$2b$12$k91S7Zz4FYkiG1L4q1lOIOIP3JLhhoHQSkykYTl6xqTNTaKmPxKLq,student
student662@university.edu,$2b$12$z6btpEwWRIUXgPCqVL.i2O3wsAsBwV6Hjlhl6ZUPmynGfGz9PhhUi,student
student663@university.edu,$2b$12$9PRdrZ3nJHfivO5HIULVA.I.CiAdV1S2BAt5Q.dY2oZ3lxG65XauG,student
student664@university.edu,$2b$12$OrdPv4unCTH9cwq92DRQq.RHVOc2JsprKhYFQmxT8CHwtwASA8FmG,student
student665@university.edu,$2b$12$VYHjQpn.U./SCvhHu5XceOV9QF.zH5/HAPu4t5uZ.D1OoA2AopWge,student
student666@university.edu,$2b$12$L/TGjJt0uFik1FZV5T0zU.c4rlDY3YxUJe4ovO97kCg6qKyoXKyOq,student
student667@university.edu,$2b$12$i8ARXDjDzAUNh4qJRrpGx.Lnr5ZLcTvQggTRq/ODEEBRrScIEO/8m,student
student668@university.edu,$2b$12$4PC9dw4upIgNT7jhWknVfO3h9NdDwXxS5qAsHnX.rlIxIkyGO0Mha,student
student669@university.edu,$2b$12$1GPm2XrDU.6bgHBQLoc7g.tlZcLOZbHekNkJQ1NGgWNhgJDKpVK4m,student
student670@university.edu,$2b$12$yMSN5HyXOOUgQZs9/L97a.9Va0RgM0xy2l710IDSUl73ovLGSjTz.,student
student671@university.edu,$2b$12$LrkPFWC8q.9cSjOCnM.Pte/NUVzxH9KPHJa8q5lZRzlHML.01qFBe,student
student672@university.edu,$2b$12$JN7IIcZZIg7JM0QdfkQ.tef78kDx6mIDbfH3qyR0TFC6sA/ZX53hS,student
student673@university.edu,$2b$12$IqHcHE7G2J.cibjBR2RzTOzyU78ENOXrfGElpU5YY.OXoP5xDdZzS,student
student674@university.edu,$2b$12$5mH3tXv5rukLFdPc1gQRSeNna9KxzPA1.ZYWnDQWcXCDCh2K0T3b.,student
student675@university.edu,$2b$12$K0.jepzL/q46tEcv1Z/sMOLXu.GZqCKSbsGyyA8JKHVf9GaM0fkw.,student
student676@university.edu,$2b$12$voku46IUPlwmJb7fVKlR9.sS3P7e/qsOWxTLq4tat7jbXnGC7WiUu,student
student677@university.edu,$2b$12$/D8qliuafHAiaJPF8i1ufeyAWonuqRtmZAaY2n1pvRIsjPHzXxDaa,student
student678@university.edu,$2b$12$E9Y2upZ.UZqHaO./TrqEyeBSuuXb1wp4s.MXdOF98geZvtbGwPWZy,student
student679@university.edu,$2b$12$VF/nZfAHVaSRF/fPNCkINOAnX2wNibwgtkqguOa0lyFjcLo.Hxeri,student
student680@university.edu,$2b$12$VA6f2sj.GeWR1W84Wjkk3uanfFyWGiX8/dMrI2N.769T/swv1lbQW,student
student681@university.edu,$2b$12$1zYHZNaQUskaIYEaUle4/eR72UNkTnqv55sueDWkrDSB/Qj8J8fc.,student
student682@university.edu,$2b$12$miiq0roswql3LDsgC4Gni.3NI95E.wvxT04ttJGs/1UijlvCIMGRa,student
student683@university.edu,$2b$12$FShgzL2WXd0i5IOMg6y.n.fjgw8cdU1KLU/bIUXT/35Y8p8qx8gZ.,student
student684@university.edu,$2b$12$hEHK39Q.D5UQaD9aWOqZhuYOWYn9.tMFqTrmPmpWPFLdDx8X5QQjm,student
student685@university.edu,$2b$12$9FVyZRGzJO3NzzkN79LpyOJzq5p.rjoVRUOlWFkEOouoq5b7UWela,student
student686@university.edu,$2b$12$H8CgYRYmT/vRy3.oeIS3a.LFcPjADenRmBApjhfyGnDt293FReKmW,student
student687@university.edu,$2b$12$XTUfNmEuBV/bsH//hZF89.tAHv.JFD5DqplPQbelVhkxZKsizjvoC,student
student688@university.edu,$2b$12$NHpP8X33fb18f3f7dW7dMujhZemduYlZTLj66ssL4C1b3Ei1Nqck.,student
student689@university.edu,$2b$12$LTnv6m0fjiZSAR99d5kZkOOA6huMoJmlb0y.t4RMotJWk57nK68ti,student
student690@university.edu,$2b$12$kPRk1wUEsjY2kY62xMHIkerpHmNza/cTzjlJAsDjvxzjVeL3QZQD2,student
student691@university.edu,$2b$12$nHyHqikaoVYdwsI02bJctumWGQR3DurFubXW25t2aXyIIiimeDcb6,student
student692@university.edu,$2b$12$KB2wobtQmDfbiVgUyi.AIuIgn5bGGbUBov1R218dkBpnM3pjmQbW2,student
student693@university.edu,$2b$12$qdBzNybgUiZjITFb6PBUr.Y.sYS2FgJyC0y2hHuqDIGVr.fzUzEuG,student
student694@university.edu,$2b$12$H02hZhDClriQvsA/DWdOu.ifPGR/SXiMuJqvwkA9NEeLkLTgv8JSS,student
student695@university.edu,$2b$12$hM1n1O76Q5gK/TBrXRy9S.woahgfu4nsYlwKiUN70Zy7RX38jmmoy,student
student696@university.edu,$2b$12$QqqrO0JFKS0CeY.8ovMwZO0P0sCBVT2s1jKu2zfUWZyus4ix5V9re,student
student697@university.edu,$2b$12$gEYVVzAm8r7M.t8x/A40yeHEBqpsFsf4wHFs2EgiTdlQVT9oS4Upm,student
student698@university.edu,$2b$12$sA85OngW1AcytiyvH8D1wufNE7OWI0A0QNhJGo2dEaPte9CTDEArK,student
student699@university.edu,$2b$12$pfFuR46DP0EFBAPtkl7e3.5PBD2uhmcxK2IA5uDefcDfG3Iz65dw.,student
student700@university.edu,$2b$12$ZcO5FdJf.gML.LfGJq.ejeThqD4GxXqHCrIROzyV8IclLi.e0Wf7m,student
student701@university.edu,$2b$12$n8SWSvj7QLZSc4tNcOcu0.bw.npPYUop2SIG/Vhzfp7sa2M6jPu9S,student
student702@university.edu,$2b$12$UVyTxMIznpFuu8TgbpdVguE09/LzUIeO4F.B5lFecKOqr3Nt7.goS,student
student703@university.edu,$2b$12$jv900vCaR7V1sF16jpkK2.fMBfTQmqEYOBbZClkwaH0i9IVJImQa2,student
student704@university.edu,$2b$12$gTagz5mjxykK75WAW/QTJeSzMwDOWbURijITHkVLHXIg9LzmYekUO,student
student705@university.edu,$2b$12$oevQLXhIB0AxBfs4B8yRM.RTLNIbzJW3rMBXqgeknJp19VWqlopUC,student
student706@university.edu,$2b$12$LmGF6H7NBRUVOhm0cXbzvOzPDfzdso6mXU97yQ9UWxmorfpyg023C,student
student707@university.edu,$2b$12$ZBk2295EStw2dCCDvKreHeEIRRLKDMkUXTOyIHIuemZyg7cskrNSq,student
student708@university.edu,$2b$12$k2keSu8cBnbEXmCpm/MK0uQj/Jj.VRh0OJ7z3xZLa31unuBLnW3WW,student
student709@university.edu,$2b$12$ZhUl3ohZOyE8UPwAes64f.805MGbkO6chAl878reVZ5vQu587zFCm,student
student710@university.edu,$2b$12$a2gvUT5limWc3XJI6yozrOhG72beOa8.SGpO2ay5SaYDOQDVvmrV2,student
student711@university.edu,$2b$12$wNx04R2.Hu.fBp/8OBbXZ.KTbX0iiVygHoYgs775kZ1s7D5k6Z2PW,student
student712@university.edu,$2b$12$KWl4bKdMHiHyNcZHoaQEpuTcc.majsp8OO3ly0f5w3yModdmjJQi2,student
student713@university.edu,$2b$12$21efH63TTv5e31jS8tnPIeTU/o9gatZS8DRFg319zMW7lsHN6iIlm,student
student714@university.edu,$2b$12$ouj63gnn6FYe4n6qvfG1.OFBQxcNgi3O9DhyNLcYwdG1S41DuQWVa,student
student715@university.edu,$2b$12$fTdplyf2f4cVCYgJJKussODj98WWRMiqS3L3qwOopGluXGGBb.g6K,student
student716@university.edu,$2b$12$Cq08gvvdd1Ai1jyDOp3wSug6L/dzwSy3zBm8NAw29UUNHM0ux.2ZO,student
student717@university.edu,$2b$12$SvZzclfWa4uTpuOAMqnrousjTUP1R7BBVT/YiJDqFi1dftj4vMNdu,student
student718@university.edu,$2b$12$ovA6LCJqZjgvH7tOj8UzB.5mMzJgRhvI6hqjHwO3G5ii1x.GgRG/i,student
student719@university.edu,$2b$12$EcSef5FNMJh9Dao7b1MqFOk/Tt02Fhve2QwaTk2bPlz0V0P7CdeEW,student
student720@university.edu,$2b$12$8EY0Z55Q/UphFFt3l92mu.zH5mF3PvjVz2EFPFugvfq7bTBbnlhdq,student
student721@university.edu,$2b$12$ZC8oeVSgTTCHG3sErVkD8uBD6P827cIQUDxwDNLq1Slc2GTH..RgW,student
student722@university.edu,$2b$12$j7mnBTq01GX4Exw/1f0b6ecCTVZ1ldhD9C5LfMyjhjkzkS7INtss6,student
student723@university.edu,$2b$12$q9ynAgWN.mMtIWGKdFUBie7zKUIXt8jQOL0HM0VPW9uuF5FU0UEjG,student
student724@university.edu,$2b$12$f/fd5rnZfqe0a9NKLWHpjub4.r8Pk9kQeXRrnKQoej3czImWy/I2y,student
student725@university.edu,$2b$12$5jIC72ZF3V8XWuF1jnIav.KVdE9lSuVMpnXKoTIRRl615Eh4enOQq,student
student726@university.edu,$2b$12$3G5ctdLZo6Q0L3wRg9Hy4u2ZAqzDKGuJ8Xh8HClp1sF5Z0MyH.DHu,student
student727@university.edu,$2b$12$yT8r7HY7Nine26R6dUH1jeIu0B4r6wozVOCSpaIkMVQ52LGh2qNau,student
student728@university.edu,$2b$12$rrhTkKUFhq3EMBQl8DgYZ.t9Gpa38Nkna367K/EJHyvlF21XECSZm,student
student729@university.edu,$2b$12$163LBnhNCcSsHxCODKjK0ePrBXbJD4sKOuAf3TNT0skKl2OO5J0ri,student
student730@university.edu,$2b$12$isVtiVXrcpbzM0P5OLCINuXgZ.EP2QFZjAbbT4vu20h8reX6Tl4py,student
student731@university.edu,$2b$12$VU7reT5T1r.U4.AWucKJVuPAWvTmUg8UDU0xQgY8.Jti5h9US4RZG,student
student732@university.edu,$2b$12$ITqwmHhmcH0AVwB5702Ai.DMQ.qaDFgiWKOpDNS3eB2TNQf.o/uDm,student
student733@university.edu,$2b$12$Y55R4T85LNv5dohfKIp2ZupUGdidbMlqOHvAdt7USynqJLOusP.OK,student
student734@university.edu,$2b$12$biL/sjoFTobx3ifejZhGpO6fPZ9/LS1bVLs0k/rOJl/gr8YWlOI1y,student
student735@university.edu,$2b$12$Pt4oKcTZJluQTVaVM.xv8usMNl7/jkGgjWBJkQEypwnUY/0xbV0Nm,student
student736@university.edu,$2b$12$Pz0ZnQOXfKdd3wGce.0qiOycZ6fGbTEzY8k508PUyo6dt53HBAGDK,student
student737@university.edu,$2b$12$6WMQYGmKTf349u/LeQD6muVU16r5sCa6YExIAr.EpwdC9hHmVzzne,student
student738@university.edu,$2b$12$SjUOV./5UpRbocITHxIhEe7rx2Qf28atO0k7Yo3tX5wwUQ0SwXRji,student
student739@university.edu,$2b$12$H2jZCARcd5My2UrFbhTPcOeab2KlJKX2RmTMfkkgMJ5RQ69OEhWcC,student
student740@university.edu,$2b$12$4/5Y2diSbuk5nX1M529qjOALxyuoWn8MEx5wymmUv4WI.6GPdqkGS,student
student741@university.edu,$2b$12$ZcgfoUJaFGPPNfClreLUguUAfsqlfHQikOKrkRwWKLMnGv/f9mQn2,student
student742@university.edu,$2b$12$xzWTeMvBPDTLCw4byUOWg.9qFiiMsqfjwJxxzeS9ZFcO5yMOlrvzO,student
student743@university.edu,$2b$12$FCbU4Q3HrYyJqaseuYZ0c.6tQJo3coLow7uOH3hwBoieXPXaw35hi,student
student744@university.edu,$2b$12$mD7dUgbuWBJjbD9WtDKdp.HNipdcqGhDmF7K.buIuiZNrk26y7sfe,student
student745@university.edu,$2b$12$lF5vLrxeVpxHWnWyVgcdH.93VqQPCyCgsTq15bqRfgdmMDPmQsRJK,student
student746@university.edu,$2b$12$URQy5kHumfILgfkeIbT78ew1Aqr8MbgNaABeHs7J8L8aDA6AoznzO,student
student747@university.edu,$2b$12$h3s4XZ1RxvnN6U3DH1qFw.yXAfPoA1nRMJP4GALe.AR67cob3Caq6,student
student748@university.edu,$2b$12$2eB2UXMLv2Rcy8z9t4ULJOm9UfvdC136ybDsGWiOQsd2qus9QjpWC,student
student749@university.edu,$2b$12$6L7uJ9Jw9I0eF4c1byhR3etfdYMrBBJUqJjev6ns6ZEFs6Va3wiRG,student
student750@university.edu,$2b$12$c.fidKlAElad5AYgX496BeolyUXkPByZvBrbx95xlHAPBSccsRvTW,student
student751@university.edu,$2b$12$zbNthrWeJdnPuEFSR1rr3.vbghHwcmTbyv.wGxfgAcVOBoeWftOrm,student
student752@university.edu,$2b$12$TN5cRwtrw3BnZS.nDKnEs.5XMqwMz2Xtcco.Pju.1U9rQC6zJM0Le,student
student753@university.edu,$2b$12$QaorWCKGPNURIQ3Re8ICHuX5DtuvDDvmy179JH9u/5UbgSyanf7D.,student
student754@university.edu,$2b$12$ysJfCXMWcb6QUpLbojDYv.G3nlxss7WlvFfNVpcv2amsjDFSmu012,student
student755@university.edu,$2b$12$TZwiRWP53oydbU0DUrhkHeRp/Z1R9Vki2J3ZTXCNR6d7vWwT7mBG.,student
student756@university.edu,$2b$12$k1xS2NmiZuCmRhw2YlVKrOTpOulG8RSNpnVBCvBS6fKX0GdjxcFDm,student
student757@university.edu,$2b$12$QJk7y4QuHk6.WhXHY.SP3OhiDFErh2dU8g0aWw78wyo2F4UgoOC5C,student
student758@university.edu,$2b$12$yVOIqvHSt5PgCPmpmTtq1OXu8L7JtPC2vqWnChVT1vMPYAF1KQjqm,student
student759@university.edu,$2b$12$JRe/Hsx0ymII9Oy04fVbS.nIF8D0i15zKERzmUb5ecddqKrHXqDYi,student
student760@university.edu,$2b$12$UijoCSzqvnad2x3Sn8IW1OpmFANsXhathPS4Y0tf7EH8deq8r0Tc2,student
student761@university.edu,$2b$12$0XRKb93uTfG1wMKdzejMWOw.y0j7tQPF/sHhUWUrOBRd8oA1HQc3S,student
student762@university.edu,$2b$12$gWej8lUaYgm0t/92lfxrEegTWlTYR73TOH9eU.rFnDY/H1fzv6SQ6,student
student763@university.edu,$2b$12$NHHnFXsX4CF4eKG2eNx9ZOdqqpmWetskQYWpszaaq64.Z2CTpGyXO,student
student764@university.edu,$2b$12$ZwREuQD7Qt/7HMU/PkxyeOhyOU8jvIxx97Kwa3tCzY5rEGNZe0q7S,student
student765@university.edu,$2b$12$W3xYUdl5bEBH2R9U9p47Z.L2UsEJ/N4N.RJB5sdWrGiE4U8QG63Ie,student
student766@university.edu,$2b$12$I1fBmOvrsfBENw2WQMyS6eDnmq2hWrKvyOAGIQKVybVSxejmrlsaC,student
student767@university.edu,$2b$12$Z8nGIko5UHvkix3Kx5ZpbO2cCA2rm7vB.ulqU/pNSi9z9Nw1KUPPW,student
student768@university.edu,$2b$12$WqnPQ4gQPJuNV4UR8gSb5O9yo1Q4Ls1uWXVILD2OayWPGFcJT1iae,student
student769@university.edu,$2b$12$7EsDdX3hgGRsO5G2M/TkAeHy/lo1/TdslRTwhWpbgyg6A3A1FLzR.,student
student770@university.edu,$2b$12$8pkSoBK/Nv7q40Q3ZqrMHu0X9KvZVq9qAZ4GLneWkGaEin2CNiI3y,student
student771@university.edu,$2b$12$UpHYmc6TF8Lbb1I2ZMnMB.8OOyf1UNKmhBuZvn62z6O2Ff0vWPGs2,student
student772@university.edu,$2b$12$omE6IqjIqgTT1RTap3bHb.qwC1n/BJsk7L0o3WJTwAJsXokXXhatC,student
student773@university.edu,$2b$12$vwPBu5NoWqz0bcmM7yFucO.DWIM7sWmg4L13cj/E5iiongC8zPtyC,student
student774@university.edu,$2b$12$IBsjB1pb2ZZESO8QYyWIHO.3qu30zdh1J80E9lpErXkhtu/Ui5a0.,student
student775@university.edu,$2b$12$YD5W20HUrmzXvIxQLwJKCeUNe1pgQobR4Wp9TJuWngoFmGJ.cgXMi,student
student776@university.edu,$2b$12$JMttTY0nKQ.wuJmg1puSnuirBQzN4SgM.fIBYlu/EZVuQRhQLypUu,student
student777@university.edu,$2b$12$Va.GsQlZVS21iNuGVXOo5OEeJlyY3U9vGfDEY5C.jVHVpFDCsZCMG,student
student778@university.edu,$2b$12$NstQYwkVRFnghPpKQ78hcOsglWTLq0ZuECDHkxaYnq3CaWwTmqxmy,student
student779@university.edu,$2b$12$9FzvCO8X/j621RZUE4dEbuuJ4njP9I1C/eawUxK6nBVbxL4xs.WlS,student
student780@university.edu,$2b$12$7/MXszkNCYwGc7BZ.gOdZOAgLjvz87ReQz3v20lZjWNHLq63xg.7q,student
student781@university.edu,$2b$12$RlAo8skqcOGFo.DGDvS9puaJ5QHwk9HjzsH/8ncOoBWVd8.QtZD9i,student
student782@university.edu,$2b$12$cUO18QLZl5ZdQXDwyCGYLePIMEIllKTQ7HKwxELpRL8262qPfn9y.,student
student783@university.edu,$2b$12$t/cE3ydrDIrTHlGYuqqFM.kLJKrhzArSJAbqTen.ELxunG.y52rPO,student
student784@university.edu,$2b$12$3tGVhFOkFNmKNRs.zS.d/eR6qya60497nsF0mXMyzaoKTzlxgGztq,student
student785@university.edu,$2b$12$MGC8UMvAat6WyhuCHNMTeuQ0ZV1oo1HPfpB2en84BE9eeXGVJYDGe,student
student786@university.edu,$2b$12$7r9IFQGIUJ3DkvJWbCuIReFHgX2T5BokDlaRnVFGiwvv9/ADySQFi,student
student787@university.edu,$2b$12$DkgjVsSf.R8IK7OEtM6U7ek8GHe1vz5WTqAHxYcmtW7l388HkIXau,student
student788@university.edu,$2b$12$O5jpfx5JuZk51KSj94537.2uwrUC6I8aVw1GuEDt.wLQZtx2J4Bfi,student
student789@university.edu,$2b$12$1b/EnKSvumO.ZlGk67mDG.4JKsG9rEYAKeu/VufKiUwo934gBXWtK,student
student790@university.edu,$2b$12$GZk1oJIZukdSO9dIeh6nuuwNRT4qvxR8V67fgvPXY52MF2FYulioe,student
student791@university.edu,$2b$12$JL96LTLmhqZ00Mq.52ZL3OZuULDktXpgIV6ntwkWNz0r2kgENmiMW,student
student792@university.edu,$2b$12$0Hco8mxA4AlbxMMMiVoVT.brhioUfDzx8LQVSkpPqmnJBexIkzgIC,student
student793@university.edu,$2b$12$90ArhqqwiK9AJXnxqfOoqO4Tj2cs56WstiaSVMHxtvVWZOxyFfxMO,student
student794@university.edu,$2b$12$D/HWmJjIkKCjeR1FUdqx0O/qzN2PtYfyK.IAm.Jfqs/hlJuNZvXWS,student
student795@university.edu,$2b$12$Bf8FIwlQypluIxqrlZDBbOVfuteP/tkNHv1.KwQkDyLydGn6ztTrK,student
student796@university.edu,$2b$12$O.SJ/09RuwwwmBp1lo6wy.PEm4Nf2UoWMPs6mWY/.f0tcdIKxMAu2,student
student797@university.edu,$2b$12$bRkj107sbzOXXq7CfOOlsuIzJWHzFkjJzbMEI1JaZpuaBTs7j0ypO,student
student798@university.edu,$2b$12$ppA2zEN.g9xETD25i55pGuIIZe23iWkPUX/wCN1sBZpK.HfViicJq,student
student799@university.edu,$2b$12$K0wMomaEpUQW8hNJEYD2rOoCgeY0okNvajyn3wO7utpU70NcnIFrG,student
student800@university.edu,$2b$12$BGLB2NstYA1GouVPBl6c9e53v29cixgiao4t70321lhF6thQLfeAO,student
student801@university.edu,$2b$12$8qOGyYe7IaQcttM7EGcwBu8Evr53QvW8jzr6PnqvIFZk/MFcvtQvW,student
student802@university.edu,$2b$12$ZTBgPkz9gQbxZYabl6eshuIH9N5bhelyqvTDSJByKnURoYeMe3JRi,student
student803@university.edu,$2b$12$4vRY8nQIp7i7uaBkKaoJe.eV/kX/FS2p9CYB27mMGvAM4C90c7Paa,student
student804@university.edu,$2b$12$prUjHGAKx78QeROQqIlNS.fSPoyseijkNkGtXYFc4m1RRRTP7rHbO,student
student805@university.edu,$2b$12$3O2eKWLZoQ4Cm0aCPIr/EOC9M5vV9cCjFLFLKvgME9jHr6OEjckJC,student
student806@university.edu,$2b$12$daztsl7nVELNRi7duBSRs.W/B.jrd62yaObURYSsOms5ktiWXD9mq,student
student807@university.edu,$2b$12$P3TPFBiyNomq5jgjG5SNju1GekSfNOCRQCWCiAdRLrcLnnMZm1wJG,student
student808@university.edu,$2b$12$oOjmwiOw1EPH4KK/Kptja.nohRsgQyVv03AZffvXYwdhNQXU.lLSO,student
student809@university.edu,$2b$12$SubEVBXMYCOIvHdj.PjKoOyZVuMafDrvi3zwSZ5SC7wMEvYx3lLqm,student
student810@university.edu,$2b$12$WanwUbjsolssp8oMCDoWnu4BLu5odK./iSJuuchQQvkkbB6Fh14fS,student
student811@university.edu,$2b$12$RqNDlx6yvp8s0godmW4QruUmrX3GvC8GsYVZ6U3enfSxZXQnfSGxe,student
student812@university.edu,$2b$12$kVI7N7BZi1QNsRpTLEpWZeB8R5XuoL1thKZr/8lZduXj3B1HwGn8a,student
student813@university.edu,$2b$12$upb6JsHMOG3kZmS62QdpLuwh0GEfx.5OV4fwH7LTzlYhO6ejJBbMS,student
student814@university.edu,$2b$12$pft3aR4Az82hw5ET/4hOTuWaSgBngoCAKhhgDx0Vx4N95X0qJ9Lya,student
student815@university.edu,$2b$12$dYzY/v.qPqbR2pMQfxY1fe6gQoyRvTztwmpyBwuIEjk7OVr7daeHG,student
student816@university.edu,$2b$12$vDiPkbEfesBw802tp4565OprqYUqb1tfa4keeqgofQMUd8WMOlOjm,student
student817@university.edu,$2b$12$GEZeF/5yqF7Xf53IntEHw.1oPvTVnIy4lu7W3VuEORDzNPXyes7J2,student
student818@university.edu,$2b$12$QJL5.3jZdQ64F1WbBtft3.xRBIhkELILUHU276iV/UMq/YvWfTzt2,student
student819@university.edu,$2b$12$TuMYK3WcAh0m/PjBE7j5zeckrxhViya1CKVd8TbLeECref7CDQ3MW,student
student820@university.edu,$2b$12$XgsIcbgWgru2Tk.iuPFkwOOaR4FnvTbHjmj0.BSGrAQPazwsu.PEy,student
student821@university.edu,$2b$12$o1nYj0POIBHMpVSDEIzUnO/88U3hnHGY60s1GzMwio7HL7vL8BC5K,student
student822@university.edu,$2b$12$nowceodmsGHSf0.62bcbyeBhkPtBf0SjSUVtUEIhpbHInq7Tl4kgO,student
student823@university.edu,$2b$12$G4ZHTuYQHDWPmBSF0HWN2.HyfdQb/KQxImnwcQae8gIqCTNHau0d6,student
student824@university.edu,$2b$12$ltiEOKECpxHDl6bjPeKdl.msMaGUnTX/gfbjhuKA8nVm9S2CM7z2S,student
student825@university.edu,$2b$12$lXPIFZdBzL0IeW.fsQ7mS./kqB1Pnh/UXdwpElprKSF6mkD6nhMOm,student
student826@university.edu,$2b$12$Mp/c5fW0U2wJsHX26EoWZ.YUzDpMMlYrvQe/H/3z/rWhNU6fItjdq,student
student827@university.edu,$2b$12$MNbR.EcjvmWzppdHmSOnyOl5ts7k32OFJRCfV0qP11VD933.2VOlK,student
student828@university.edu,$2b$12$iPzfbz76CJrH3f.IkwvUS.e4yNQDpK7sBli2YT4e4flFVLGyO3nuS,student
student829@university.edu,$2b$12$CE9wsFGi27g6TLYgL52Xg.5YVSY/EIpbdCwCGA1LneCvbOOVhwe/G,student
student830@university.edu,$2b$12$jPmuNuhtei7qh6kkIooza.VzgaOTppO9KV5zAITJiPKK5ewuKV7rW,student
student831@university.edu,$2b$12$mh1dxzj6T8DdcxbUMWxb6.zgfoKMa4NMTF9/NRFkUqKCG4h7ySh9G,student
student832@university.edu,$2b$12$60FZJi9jxoUMRG3fNLBdU.kYLWvtPFZNMNZlZtfD2/nx4iTuBoEM.,student
student833@university.edu,$2b$12$NmyPmf/TluXETKo6aai2WOOB1me18AukIcLBetm7v.ddHYtSavGI2,student
student834@university.edu,$2b$12$cjhX7D/DHFmg4CgRUqPed.x55JNs6Pwwk4TeLjLRZT564OYRvXnKW,student
student835@university.edu,$2b$12$aviLCtPKG2OmmJkV03bQZeNnf1AdgLtj/MmUVvr8ZvnpEnvmF5zYC,student
student836@university.edu,$2b$12$zCPevYanUEDPk./wbdZ2X.1zVX6AjTad6oLEXC.dV2X1NJRLSX7qa,student
student837@university.edu,$2b$12$lCNjqdBwwDUG3s1uFWxQTOLWhaUdJZKCafBvLcTh7b6Y.H6DF32K6,student
student838@university.edu,$2b$12$pgES3T.Kg5z/xfy74/FFxehGtNxRKkzlABVnJ17AsxkLqu66.GZhq,student
student839@university.edu,$2b$12$l6kQV/oHjkNMmhSS/1yAqu1edq.vx6q7lH30uMT275w73mzSYwvwe,student
student840@university.edu,$2b$12$aBJNAgKDv9lbv8LBWFBAkeS./vtl7E0m3DineHaqeS7w8I9gaGJLe,student
student841@university.edu,$2b$12$Y1wAwuco.ubehlHsbNwa.exmHOUTxrMapLvO85rPECyKJa2L5o.Gu,student
student842@university.edu,$2b$12$np1vfeoeMT98XTI8g7CbaOnMlLtWHKSEhckcn387V/EUhPGbASV5m,student
student843@university.edu,$2b$12$d1OYMlH16Tm89yXSWM4Lcup5BwTU5O/dqk1LMaO2L60smpMj9lRiq,student
student844@university.edu,$2b$12$z/CjK2LZC4h20DVYSOa8hOpwyLmQmaEkfKYmkkZeqos3C9kme7Cc.,student
student845@university.edu,$2b$12$Np/Bl1sPPmdOC60Qs/krau.Q00HnXGc5y8z/BjnpcxTKfnAYMES5i,student
student846@university.edu,$2b$12$qd8T/uRlE7Q6M7L4hTL6FOXLbknt1vc5uYSULxphiUzlb/4zMwfbO,student
student847@university.edu,$2b$12$/xdG8Wkpi6Bm4TP5wT4CC.3sqyXn5Gui/6dnMd6Dw35IuJWv0RMva,student
student848@university.edu,$2b$12$VOkeeYJD5Sk2RNsvulqJlOvRHQIDVUBvpVUNM3SXx6amCZNUw7Li6,student
student849@university.edu,$2b$12$BxGKcxdoEO.fcp3z9YnYB.PGAoe3qPi7HcH2Iqc.lANZrn2hahA7e,student
student850@university.edu,$2b$12$RlM/3yInFlUPI2UeWastZ.zxhktp1Kdh3BCqaR4qliDYmzkOHEoFS,student
student851@university.edu,$2b$12$3la55CfuF0/.0Q2Gc2MZLuc1sPtxjaUWYy0vxBby3GxRY5.fjm7cu,student
student852@university.edu,$2b$12$b3oFiZvM8F6IsCGkYn92P.PpFd/Yqb/xdv/ipHt/zFeLjrj2ITqIG,student
student853@university.edu,$2b$12$toqZMGWwr7EVMRcxflxZ0eRVYfT7MQz9e6yAOgh.nlPpBX/ogEaSe,student
student854@university.edu,$2b$12$1IqhXdz9/uWzXJH14V/bUetMAxvBa3zPLeIkTWG9ZFw60OIqV2oMe,student
student855@university.edu,$2b$12$UdS/ZABws0/AOj3HzjqMwu7.bs7MUSsthxQKsjNB596v6cLfzA.Nu,student
student856@university.edu,$2b$12$z/ODQkpglQtnSLKSC03Dge5uUdOsdpo3vdBhQ3wmeAkU7dNuTbr3G,student
student857@university.edu,$2b$12$6unoqPUK1O8Agt7IOsUfEuRdlTmXqtCz/gDVaTI9/91cRaxSzg7Qy,student
student858@university.edu,$2b$12$WVW/MF5MtJUuqbTV0HANz.UyS3USYfzVnMxcJCwIySLIk27ndGb.O,student
student859@university.edu,$2b$12$wCM6TDOlvCbRY5mn9IlhLexKfbXqZGGGGuI3MpGV.8pWi5qU4VdrO,student
student860@university.edu,$2b$12$6p0MPhWIJFZ0l7ta3wUEZ.DDH90PyctPhB7ya6NAUk2cQP2qn97iG,student
student861@university.edu,$2b$12$fXlT8T8OkVX/kETZO74q7Oln/DPhOhVUOv.N.CKPjKlABW02Cdg0i,student
student862@university.edu,$2b$12$v6/HUb8LQhg0yMQdvjzUxuCbLIu2JgUIBd5.1jyXf23rtRGDcopy2,student
student863@university.edu,$2b$12$oKOn9rN50zSaK4.N8BU0pueOHtiKhR3HIyUS6jIJwO5gsJhrB2Ssy,student
student864@university.edu,$2b$12$HMCqwfVJt7VUI2Ieu9m8HO/PFMrD32RDrMbQ5Jy2he/VMJbBsqbK.,student
student865@university.edu,$2b$12$HYfT7OV5qo1byK.JFZE5ne.nIC3YGpqRmx6FSFAvNFcqTtdbrs.rK,student
student866@university.edu,$2b$12$Ujzq0YU7e0vgtAMNfzvGX.O06bKZnYrQif.rJuW2RuWUwhQdQOKp.,student
student867@university.edu,$2b$12$GReuGJU2eui4C/kj4UOfWewW52JfbXpZqS/yBGchUOjnZLe6jzWoW,student
student868@university.edu,$2b$12$NNZ57nJlm27R.VMGkz3A4ePkkecM8m38yciiNHcNnnB2VSp4SL192,student
student869@university.edu,$2b$12$bq3Sjl39DBfY/0.YHKyGYueJg27nrrJolLFBIXBmQ5BzmS.mBHx9y,student
student870@university.edu,$2b$12$jChQlveQOUvC/g2BL/wRL.EpWtlsXxl3FanUC.4NXHm1ZM.db/z5.,student
student871@university.edu,$2b$12$eNEgG2r0DHOO1zJN8HpzXO9bgSh0gB5d5ZmqM7hZa5RiOmBEpIo0S,student
student872@university.edu,$2b$12$GAO9bNPQtuEScwJ3RYXGaeiXGuMG93.L634hCcG8n9p7VVbXcZ7Da,student
student873@university.edu,$2b$12$u4vVbLSgWfqAMhlvM7.aXeT0kiBh9Pfi6bozNNjul.MbxllCZYe7.,student
student874@university.edu,$2b$12$1YQNYR9ByE4XGJB0UcWyP.vdph.PlC53bE7zjAhgVM2TUyrD6pRYC,student
student875@university.edu,$2b$12$xcCwAuxyZCnkIfFsKKlMeui3PAbYSIWlBKjyaOtQ6JBOAGnEOYab6,student
student876@university.edu,$2b$12$irbszUWIT.MyibQKOAWuOutYlxwTINJAsHB2mUsPne5JtzpQ79Ane,student
student877@university.edu,$2b$12$WyyI4sYJsStDY4xU/LXd2e/FNU11fHYo/zTMlz7rkM12v9rASe6/m,student
student878@university.edu,$2b$12$mHQlPkPtDFtRL6T4x1nlnOZr37ELGTB4O6HpslSs7N.tFPx9msUtS,student
student879@university.edu,$2b$12$8CyNTJDOEZRqAP0lmRf5aOrA0yjCOFkEaaLykezdZ3o6OI0I08qcS,student
student880@university.edu,$2b$12$ba2.0NTufFnwrAFFWussK.rNb4BIElj9xKGM1J/KY6oz3Zq7plh9a,student
student881@university.edu,$2b$12$LguEhCAokJuKhM0FR3yY2uMwFMTwXv7oZiYLLd7eHJyxGi6YVbf0.,student
student882@university.edu,$2b$12$heK1qoLb7db2yvumlVWcLuF.845qOcPpdlxnMyJg373BrzUTnCDBu,student
student883@university.edu,$2b$12$gK3fG7GVmOo8/UhGBZETcOgVlDv95U1IxBqe628LlO7keZOlbKHhO,student
student884@university.edu,$2b$12$.NwjuhwhOutBl/1I7kWhMewN0pLW0k/STRleUURoI5rtaM1sqXaLK,student
student885@university.edu,$2b$12$ErnGPvIGZi4CE79hEk/NYO61/LcKImCNvEpCq.X.LM.aaG0Gxcr.m,student
student886@university.edu,$2b$12$ZAnghQcitfIZaWLuixNo.OiC5RJTaIZHiZrU1Yri2ERbyuMR8JzKq,student
student887@university.edu,$2b$12$DHBzOkoiRS/PLDTsnKkeL.yJUlbROwxGJvj7rb05o6ThSYWsAQUJG,student
student888@university.edu,$2b$12$aQqSHyTHsU57F6D7q6IC/OoLRJzzfnhg.erkQpa47ezSdWlhmPDZu,student
student889@university.edu,$2b$12$tAMaBmVUzDyRZGS7tQSTmezdTZlffEQ.otkRMguVeuk8z6XmtRSC6,student
student890@university.edu,$2b$12$fDvN5H67hiKasBaRXvo8DOlUbCkddzS0FLzBkXKxU6dp9QLxojEh6,student
student891@university.edu,$2b$12$d8YbQpPybtpIX4q78RzHS.1a8KHvXn.usKSpSiDRxGX95HP.H4VwO,student
student892@university.edu,$2b$12$CuMavgqgG.gPv1jFK/nWQ.JviQeMcJderJYUIR/osvOpHdViDZhj6,student
student893@university.edu,$2b$12$HWt57fcWpN/FEFIypMYKjeJUd5b6i4meUGHoGmS8fQa/Wl2XbtqZu,student
student894@university.edu,$2b$12$ovNKBNNv5geMPqo0Bb23juk3nS6TxUKJezJZD71QJ3JEMUMVCfRgW,student
student895@university.edu,$2b$12$NCpjTHyeO.X2UKy4NNa4jO0PH2i.4XvA7u65TNb87JIqvMP6QUxI.,student
student896@university.edu,$2b$12$meJLFZ9RXfMrJbX1hCZh4.A8yQQmlO//BIxrRtaXh4YCkSYm6Sxh2,student
student897@university.edu,$2b$12$IA.Xy9PY8DafZZ8PzqA.BOe9xz0vItsesyqFAA/Q3SfOuU29vvW3i,student
student898@university.edu,$2b$12$jQ1BbpM0P4CV94ckvsUTvuMl6kA3UB0uWauA8i2iEt2b.IYFjt2IS,student
student899@university.edu,$2b$12$p2//3obhW09HAAkiwiezHuCqJaowT/fY3mSLp9PuCcEw91SP/c1qu,student
student900@university.edu,$2b$12$fpLhuuBj83vDencILKIa0ueAUNpcaaYyBz7Je/PNv7xC3lp0zNJ0W,student
student901@university.edu,$2b$12$ZymxMefhlM16ol4ycCBzlur2eBKaVMMlQukrLvAve3mrCM8VAUKiW,student
student902@university.edu,$2b$12$1QJ9ayMogTHK0.Cozx6qgunbWJxiHJQ.4argUGC4sgQQ0nxJoE4..,student
student903@university.edu,$2b$12$0n0rYykQx91m.Dv4tjtjUuo3RQWKzTNKuijJwKIMkILCHkvJhdoVC,student
student904@university.edu,$2b$12$fVYa6.NsUoa9zltSJbqefu0OmzMFKiVhdZJPlKutvaryTLkwtd0Ku,student
student905@university.edu,$2b$12$4DMfb2cyZJT3b02jH0vAzeF7JkwSLvu4jYiYvtCeLPSjh24eiJvxq,student
student906@university.edu,$2b$12$1ZhcAU5kMo4WyRznybCPkuhqm1ty.c6S4nWi86zq/zspcyuropA2S,student
student907@university.edu,$2b$12$Zn/qIBV2BtlAjRwohfdte.nZU5oTIk.yBD9mf4L1FRhQb4NH3rmvO,student
student908@university.edu,$2b$12$83wVNMCnaSK.uZEg6Gpp6e17tM7Ui4q8QlCEi7QwZC2mmWPRR2pzS,student
student909@university.edu,$2b$12$Afms5YSiYsjBS5xyISV9v.QL7QuonHLFoHFD8yhwYJuN/O341XvEO,student
student910@university.edu,$2b$12$2VNnyuxHvXwej2I3lyJVTOY0aAAV5PIy4Y/Nq7FftF0I/2/M/L3XO,student
student911@university.edu,$2b$12$yvqRtFLeooOaw9fwutORLOnK1sSgi5gfXuMLYqtMxh2v0qswfkCSq,student
student912@university.edu,$2b$12$l2psbLLlZiHRSk/vwfEFHeUsevgh6Rax8bZ1iaKtZEvz90/HK4lHG,student
student913@university.edu,$2b$12$kJw0Gp1W6IHhoGFY.MUnCe35JHFvvxs4y9ShpCBlDfWK2A16zJidK,student
student914@university.edu,$2b$12$cQoiqKNQ2LQeyJzrj.WSAeOalIW8YTZtjW8vAsmunkcSszvpTm1Be,student
student915@university.edu,$2b$12$5Qlyi95pmK0etzcfK/JiD.EX/i3YPAtYxfU9tdOHaAMwEk02fbstS,student
student916@university.edu,$2b$12$EW1TGlVePGAyAB0N0cOMfuWm1pWLNOnB94ywbqWetxtzIUS9PeFnC,student
student917@university.edu,$2b$12$Sz8qYmQaomuoRLSKLWuP3e2hDZEH37Ax1dtpgIbsKPErzbYO5fKTK,student
student918@university.edu,$2b$12$EU1bXpJ5vIyc90HOGN5YCeMpPfZ26MnRdyuKx2yn28hwIzfugN9RW,student
student919@university.edu,$2b$12$vWjUVUIkCMzM/lBs/fhT5.Neq.a6BjZvDSb.fBnvLY5dQwRiedF0W,student
student920@university.edu,$2b$12$ikXFT2gBHXbrnt57wn3zWeYieu6d/y9sUmNJmYBhrZ2Jgps7yydme,student
student921@university.edu,$2b$12$oyzrRCqo39/qqDVX5op11OFhoOetArEVJdI7PrZ1X2igGq56B3HF2,student
student922@university.edu,$2b$12$2QwGS/2ysshtaaEFGMs77.7YpUFBwKJYg0HK.1UopFcb9Lqw6ttY6,student
student923@university.edu,$2b$12$tGcwJkiBfDiFBYJt7LkaQerQ8pctu7ujmiaNYJkwfljqX9bMPWPx2,student
student924@university.edu,$2b$12$94El8oomd9WkPg2uIoOrhe3TaSQQTB06.TM6q2ibwRPWAIiL6yZ16,student
student925@university.edu,$2b$12$3IFoTTuos2DL7ffa7sft..fcmp0mL.XBckXJqTVqsQx9r59HrihVq,student
student926@university.edu,$2b$12$yPzKoYrgf5nbHYuyJ.dZQOXO1D5pYLBwTFTsbVo9/7BC96VyJJgHK,student
student927@university.edu,$2b$12$aLX.hecXAZBaOmfQreTjIOl25P4kQCKFDejNFpzFQ4C0UBOpuvs9C,student
student928@university.edu,$2b$12$zOfTY9SN7N8QBEbbU1c2EuA4oBU9FRaS1uVseBUaNhOhFqEdxuxYe,student
student929@university.edu,$2b$12$EPoddHrSfncCe/c7rCRpp.2JVB6eI4En0Of16xjP6oXGMPEZM2RO2,student
student930@university.edu,$2b$12$W4mQvSX/9UoeBpcbkgvKgu9As3u.KZTKAU1WAGpWDScQlwisNQD.6,student
student931@university.edu,$2b$12$KCxvWRc2geg9pTaKqPkGfOK9feqfDlywLsgA.QEIzLHBFz0njEa9y,student
student932@university.edu,$2b$12$eI.Rg2Xcd7YyX0J1goEvGOXovnTbrCZKSz5BQp/XaD9zuS/szgX4y,student
student933@university.edu,$2b$12$5WyH2jV.BuBd3aKQ3k9cMuqiiE00/PWoayll5qpwapPA4UQb5Zxle,student
student934@university.edu,$2b$12$buKWaHFtg1ap9jMNG2gGUOO8XBvanu8D9BoKSkeP8kz9dMPdG9JwW,student
student935@university.edu,$2b$12$wF5ODecCjFOicte44Fg1MeHX7lvQXYZKUuFuwRJbY.aEjcKH0IB.C,student
student936@university.edu,$2b$12$v1ri1899rbgpMym7l74tZOFWlalyC/MTDnHjwuczAYHMu8Lj.eCrW,student
student937@university.edu,$2b$12$Xb9wgwO4Tue2BzojuOGko.wRP8jtNE7hvF1LbwNgqsC1VKhsgLsgO,student
student938@university.edu,$2b$12$tPyWrtn2a/KGTJ7dsQr1QuA2LTU9NCkiCTkqDrRZbrt3MV8hR3wbu,student
student939@university.edu,$2b$12$e.WTQ7F1smJgF.rpAvE5Yeo/TEPnyT4EGoHXh14oGrWKDqIiZWN4m,student
student940@university.edu,$2b$12$HU79NScWYMrP7A6.ojJn/ef6EAuXssAk9sg24rRPOvKkq.DV/Q8UO,student
student941@university.edu,$2b$12$MDasK9b3n5BOzuW7Mho4JORbAq145tnMYccwvz5JV6w6t4OtSHhny,student
student942@university.edu,$2b$12$9eqCIvqgwvHi5Yw42ZTXGuX2w2HjKM8/6KEJEwW5riNnCTdrdqk.O,student
student943@university.edu,$2b$12$oOqR1iUKfXUdnZfb44LD/uuV2BORC0n4d8ODUXxzVyzntaD1CJsyW,student
student944@university.edu,$2b$12$PtMGd1wbDASCEz2a5VHK3OwFZM2Bd7wbGNEYWn5dQJD9ZAqrQkDou,student
student945@university.edu,$2b$12$hTgX9jYH2jA8UUNZ1Eq5ueWxUiGlsZzuXVjjqci89VSyfM9Gqp7VK,student
student946@university.edu,$2b$12$StDar9Me9u5zgKJ5bZbZTeKoS1igegLXLZUXk/1v.zCDykNeA9Zay,student
student947@university.edu,$2b$12$cuRZPJAC4xIIvvfjwv0eNe9AhAia8.elqvnlr1wBGfqe3B5RZDEDy,student
student948@university.edu,$2b$12$WLxLwlijDg1/emdO8XPDPutYjNUkTlctqFEhMUIVQch49UOMtC1CC,student
student949@university.edu,$2b$12$0XFoiBzhLlN51KafzrTT4O/bFQ.sSMl9KcqAJqa3yBNQsVbSQWHXy,student
student950@university.edu,$2b$12$J8RP/pJ6Ek21jSdO1GnsU.5/iWXFIn4oSxk0E6LhmjVXLNDm8byD.,student
student951@university.edu,$2b$12$9IRF.ZuHaEsMdH3vuaO.2OpIJlEHdAMhltAV9Ova2GtavpZ/UefUi,student
student952@university.edu,$2b$12$LUslNsxtkHBjx8/NQHNCqOGfJjOVIF4iO8LOuXQYm9ulYn8iO3Ttu,student
student953@university.edu,$2b$12$2dT6QH7CIU.MDD7QLunHRejWrAGjw39IKRXTJyzXySRHkMO6Wz9we,student
student954@university.edu,$2b$12$tGAT2C..LdaTVOjt/nDKs.pz8kpLQ6qqRrdS7591RO5q9xIfJXUAi,student
student955@university.edu,$2b$12$kthl1Ja9sV96j1B.7KdUSerwLIbm.8HFr8lDNAuuRSUV8mqNwxNp2,student
student956@university.edu,$2b$12$DReeOOGM5tdPBIpg0j2ljexu0CFQRuK2K2zDnqhxVLZQQm48eQsbS,student
student957@university.edu,$2b$12$NttTRn4YxUe.GMbq9iz48OZWGoeAOy3.Ea3xys4qH3BB7s080.Rlq,student
student958@university.edu,$2b$12$OhLxoO1dCluqHUdm/CkCxOZXb7tI46.hQz6/.WT1lxxH0jgodNxFa,student
student959@university.edu,$2b$12$/quc3FWIrK.DSD7hOU004epdYDTHMm.xYPhcNTNPDghfZj9xgxWYq,student
student960@university.edu,$2b$12$0mRsK6KKl6Qny9GEVP3BYeOM0EG7jMDftUnK67G9ZNtP1tAdiMBii,student
student961@university.edu,$2b$12$JJLe16ovtnWXSzCzkn6qne1blLnNBkJGogFNHTambOpBiGwyrMHLW,student
student962@university.edu,$2b$12$tlME8WmpyZWL8dYA42kwN.jS38yKpATfQvPsrmz40.tl6Wmnv/nnu,student
student963@university.edu,$2b$12$6H/3vOc8tyBIXFaREokLAuh9gCk0NM278Fx0CDgSo3oddWK1WGkYG,student
student964@university.edu,$2b$12$.hOwBeai5qzHMZsVJ4nvDuIFnNjozhCROxLSnSoPfLIYwFCvBQ6hi,student
student965@university.edu,$2b$12$GpDLJcN.zHyJx.dYrlR2fuvEKRlwdDgHmR0er7Kb/ry8/g3hItZGm,student
student966@university.edu,$2b$12$xPVi0ByVki0mcFNdSTIIAefM8puA79fQq5BDBipMddMqyh/uIA4CG,student
student967@university.edu,$2b$12$wQi2tIlYlsSCaHVUAVgJL.GH4Njr3bbimHJw3imKlbHGnRyYuJpW2,student
student968@university.edu,$2b$12$Uhn70.m9g8ddNGYZOIJ4nupnyV4pSOtrG1mq.I1u5420AL1ceuyN6,student
student969@university.edu,$2b$12$Zjq8zEW2ZwVbt1KHWSuQwu1t5fPjYRfNFszD6j.E5aB0iZI/oOvtu,student
student970@university.edu,$2b$12$9D2vhZmNe7vGGv/UJ42GcegmtKWikt1wvJT.dWyp0QZanqKslF2t6,student
student971@university.edu,$2b$12$SgbGk8a7J1efse9ANrhLe.qrJ7WSShYFNM19gPw3Ree0wwC5WS8F2,student
student972@university.edu,$2b$12$.BlSRZwieVB6lEPwt8pGl.d0IpYILZTBN77xzdD/T/eaykgWDWYCu,student
student973@university.edu,$2b$12$KpJFrRf7FlgA/upPAk/JWe8gw1f/FEn1Q.memszbk4kOMeKRMKh8G,student
student974@university.edu,$2b$12$aFY/POgdCqfImalxLh6WNeuyzRQd460V1x5ASAyUyZBGOw6fphI7W,student
student975@university.edu,$2b$12$CiVSkR6hOYACxhK7kQyeDevqcOLq9FItePkWm2UZ/atz1m9U2VcRi,student
student976@university.edu,$2b$12$xP73RiqmhCTnq2I/jdxp2eSLJxWM2FQby2sYVOzBL6qmoeL2A6RFK,student
student977@university.edu,$2b$12$jwXmpcoHJUya0Bl809fLnuQtGGrDW3QjAC5HpxdYeU3mDR9hpHUmq,student
student978@university.edu,$2b$12$RdPhB3Xra0klXN9pU1g/3e4HIhRzoQEakzY/hfhiLv70OPBoFO3zC,student
student979@university.edu,$2b$12$ybVbxJM9KDog7zRqmUe71ezxj8/3puFhKsyqR7nhR1XoO9pVEbVRq,student
student980@university.edu,$2b$12$FnNbf6/DkOW7ckVui5XyTe5pey.AMgfOXpfg1p8gp/tlWvxyFfwxi,student
student981@university.edu,$2b$12$d2SUTVFE5jq5aGpzxiWlxuGsuLiB5j6Mdfp6e7db7oigNmMAERqUu,student
student982@university.edu,$2b$12$srAPsDUPrT0IfX1fVwENN.PPCEMLLEvrEuT.KId43IthowrOK6oEO,student
student983@university.edu,$2b$12$3Bw5975.8loggMRceu2wduwhKCQItf3eF7IfAu7sIKsRhkRJhej9W,student
student984@university.edu,$2b$12$8nIFlYnaugwfkQ8jNRsZj.Vg11MzWeGpb2tEucoLA2QEaj5EGuR0O,student
student985@university.edu,$2b$12$72lardRGW8L6vZkAQWYxJuBSZiKdO3TFjSessfCRerXyHJ6TQd1vO,student
student986@university.edu,$2b$12$CGD2waHtREfQ6btz35mcwuEQCaXgxgKGfCfQSe2G5ZoNQ6YD8w2ta,student
student987@university.edu,$2b$12$yRI.W0w21JlnR/Gc/cHRI.F1QXl3tJlXz55/Cn5XpmIC66CqEFwUu,student
student988@university.edu,$2b$12$R6n5s3I5hd.LiKXAoUJFMuhbOB3.L5.kBDUxU.nd2ZVlRsVZ5Q3oK,student
student989@university.edu,$2b$12$9t15E4YSuDEUc2FzLHjuUeB1Jb/JJ0gi3j7RjR31nwoTWIoOD/et.,student
student990@university.edu,$2b$12$yECBkWJSYnnndRsdcQIpgO2O6QUITNLCbMMNWE72lqoBcVikCbSIe,student
student991@university.edu,$2b$12$PDwG4LtRv02OEqdfqJ0Rvef4Qce05DGjiupoeO22ylQJBqUclCCs.,student
student992@university.edu,$2b$12$5bxiXjraA46UWRMlIC.rAueaq4zEylEoQoh4e3kI1PtPCfMcXk6rG,student
student993@university.edu,$2b$12$vWFDpCJMdcg3o9rU.KWVBOkuy9EQHbJ//kiaZPmL9EP.0w1.9m4Pm,student
student994@university.edu,$2b$12$WOTcOOa1gU1Nk52kr.jIBuGE/ax3TcK5k9AXnhlAv3c2j2g0WnXMG,student
student995@university.edu,$2b$12$o.ReX6HeXqwt7qh26NVaVO5NxaCEXZ4eDJTVQHmhcj06BTj03Vms2,student
student996@university.edu,$2b$12$to1qy0LuV5KuFFFytqdNyee7Ne5asRiG30KOETYlvlbEkuW//emoy,student
student997@university.edu,$2b$12$PcjWvEW2lUxPqYgpaj/9L.uaUA3i/wjkuX3Q4poVf11ca20Et.tJ2,student
student998@university.edu,$2b$12$zOOnqmUFSHMn4I9WbwfeSuP.r.oH9blBVdALyClwdu6HwW96uQiI.,student
student999@university.edu,$2b$12$Hxu0dr78sYdhfJuuU7ugSucIgcgJuXU.6j9ptfDFLsZporBk0Yq4.,student
